[1m[33m[33m▲ [43;33m[[43;30mWARNING[43;33m][0m [1mNG8113: NgClass is not used within the template of DailyClosePage[0m [1m[35m[plugin angular-compiler][0m

    src/app/features/daily-close/daily-close.page.ts:36:29:
[37m      36 │   imports: [NavbarComponent, [32mNgClass[37m],
         ╵                              [32m~~~~~~~[0m

[39m[22m
[1m[33m[33m▲ [43;33m[[43;30mWARNING[43;33m][0m [1mNG8113: NgClass is not used within the template of DailyClosePage[0m [1m[35m[plugin angular-compiler][0m

    src/app/features/daily-close/daily-close.page.ts:36:29:
[37m      36 │   imports: [NavbarComponent, [32mNgClass[37m],
         ╵                              [32m~~~~~~~[0m

[39m[22m
[1m[33m[33m▲ [43;33m[[43;30mWARNING[43;33m][0m [1mNG8113: All imports are unused[0m [1m[35m[plugin angular-compiler][0m

    src/app/features/daily-close/daily-close.page.ts:38:2:
[37m      38 │   [32mimports[37m: [NavbarComponent, NgClass],
         ╵   [32m~~~~~~~[0m

[39m[22m
[1m[31m[31mX [41;31m[[41;97mERROR[41;31m][0m [1mNG5002: Unexpected closing tag "div". It may happen when the tag has already been closed by another tag. For more info see https://www.w3.org/TR/html5/syntax.html#closing-elements-that-have-implied-end-tags[0m [1m[35m[plugin angular-compiler][0m

    src/app/features/daily-close/daily-close.page.html:577:8:
[37m      577 │         [32m</div>[37m
          ╵         [32m~~~~~~[0m

  Error occurs in the template of component DailyClosePage.

    src/app/features/daily-close/daily-close.page.ts:36:15:
[37m      36 │   templateUrl: [32m'./daily-close.page.html'[37m,
         ╵                [32m~~~~~~~~~~~~~~~~~~~~~~~~~[0m


[31mX [41;31m[[41;97mERROR[41;31m][0m [1mNG5002: Unexpected closing block. The block may have been closed earlier. If you meant to write the } character, you should use the "&#125;" HTML entity instead.[0m [1m[35m[plugin angular-compiler][0m

    src/app/features/daily-close/daily-close.page.html:578:6:
[37m      578 │       [32m}[37m @else {
          ╵       [32m^[0m

  Error occurs in the template of component DailyClosePage.

    src/app/features/daily-close/daily-close.page.ts:36:15:
[37m      36 │   templateUrl: [32m'./daily-close.page.html'[37m,
         ╵                [32m~~~~~~~~~~~~~~~~~~~~~~~~~[0m


[31mX [41;31m[[41;97mERROR[41;31m][0m [1mNG5002: Unexpected closing tag "section". It may happen when the tag has already been closed by another tag. For more info see https://www.w3.org/TR/html5/syntax.html#closing-elements-that-have-implied-end-tags[0m [1m[35m[plugin angular-compiler][0m

    src/app/features/daily-close/daily-close.page.html:604:4:
[37m      604 │     [32m</section>[37m
          ╵     [32m~~~~~~~~~~[0m

  Error occurs in the template of component DailyClosePage.

    src/app/features/daily-close/daily-close.page.ts:36:15:
[37m      36 │   templateUrl: [32m'./daily-close.page.html'[37m,
         ╵                [32m~~~~~~~~~~~~~~~~~~~~~~~~~[0m


[31mX [41;31m[[41;97mERROR[41;31m][0m [1mNG5002: Unexpected closing tag "div". It may happen when the tag has already been closed by another tag. For more info see https://www.w3.org/TR/html5/syntax.html#closing-elements-that-have-implied-end-tags[0m [1m[35m[plugin angular-compiler][0m

    src/app/features/daily-close/daily-close.page.html:950:2:
[37m      950 │   [32m</div>[37m
          ╵   [32m~~~~~~[0m

  Error occurs in the template of component DailyClosePage.

    src/app/features/daily-close/daily-close.page.ts:36:15:
[37m      36 │   templateUrl: [32m'./daily-close.page.html'[37m,
         ╵                [32m~~~~~~~~~~~~~~~~~~~~~~~~~[0m


[31mX [41;31m[[41;97mERROR[41;31m][0m [1mNG5002: Unexpected closing tag "main". It may happen when the tag has already been closed by another tag. For more info see https://www.w3.org/TR/html5/syntax.html#closing-elements-that-have-implied-end-tags[0m [1m[35m[plugin angular-compiler][0m

    src/app/features/daily-close/daily-close.page.html:951:0:
[37m      951 │ [32m</main>[37m
          ╵ [32m~~~~~~~[0m

  Error occurs in the template of component DailyClosePage.

    src/app/features/daily-close/daily-close.page.ts:36:15:
[37m      36 │   templateUrl: [32m'./daily-close.page.html'[37m,
         ╵                [32m~~~~~~~~~~~~~~~~~~~~~~~~~[0m

[39m[22m
[1m[31m[31mX [41;31m[[41;97mERROR[41;31m][0m [1mTS2339: Property 'getResumen' does not exist on type 'HomeKiosqueroService'.[0m [1m[35m[plugin angular-compiler][0m

    src/app/features/home-kiosquero/presenter/home-kiosquero.presenter.ts:95:52:
[37m      95 │     this.resumenState.set(this.homeKiosqueroService.[32mgetResumen[37m());
         ╵                                                     [32m~~~~~~~~~~[0m

[39m[22m
[1m[31m[31mX [41;31m[[41;97mERROR[41;31m][0m [1mTS2571: Object is of type 'unknown'.[0m [1m[35m[plugin angular-compiler][0m

    src/app/features/home-kiosquero/home-kiosquero.page.html:1:34:
[37m      1 │ <app-navbar [userName]="presenter.[32mnombreKiosquero[37m()" />
        ╵                                   [32m~~~~~~~~~~~~~~~[0m

  Error occurs in the template of component HomeKiosqueroPage.

    src/app/features/home-kiosquero/home-kiosquero.page.ts:16:15:
[37m      16 │   templateUrl: [32m'./home-kiosquero.page.html'[37m,
         ╵                [32m~~~~~~~~~~~~~~~~~~~~~~~~~~~~[0m


[31mX [41;31m[[41;97mERROR[41;31m][0m [1mTS2571: Object is of type 'unknown'.[0m [1m[35m[plugin angular-compiler][0m

    src/app/features/home-kiosquero/home-kiosquero.page.html:6:29:
[37m      6 │       [iniciales]="presenter.[32miniciales[37m()"
        ╵                              [32m~~~~~~~~~[0m

  Error occurs in the template of component HomeKiosqueroPage.

    src/app/features/home-kiosquero/home-kiosquero.page.ts:16:15:
[37m      16 │   templateUrl: [32m'./home-kiosquero.page.html'[37m,
         ╵                [32m~~~~~~~~~~~~~~~~~~~~~~~~~~~~[0m


[31mX [41;31m[[41;97mERROR[41;31m][0m [1mTS2571: Object is of type 'unknown'.[0m [1m[35m[plugin angular-compiler][0m

    src/app/features/home-kiosquero/home-kiosquero.page.html:7:35:
[37m      7 │       [nombreKiosquero]="presenter.[32mnombreKiosquero[37m()"
        ╵                                    [32m~~~~~~~~~~~~~~~[0m

  Error occurs in the template of component HomeKiosqueroPage.

    src/app/features/home-kiosquero/home-kiosquero.page.ts:16:15:
[37m      16 │   templateUrl: [32m'./home-kiosquero.page.html'[37m,
         ╵                [32m~~~~~~~~~~~~~~~~~~~~~~~~~~~~[0m


[31mX [41;31m[[41;97mERROR[41;31m][0m [1mTS2571: Object is of type 'unknown'.[0m [1m[35m[plugin angular-compiler][0m

    src/app/features/home-kiosquero/home-kiosquero.page.html:8:26:
[37m      8 │       [saludo]="presenter.[32msaludo[37m()"
        ╵                           [32m~~~~~~[0m

  Error occurs in the template of component HomeKiosqueroPage.

    src/app/features/home-kiosquero/home-kiosquero.page.ts:16:15:
[37m      16 │   templateUrl: [32m'./home-kiosquero.page.html'[37m,
         ╵                [32m~~~~~~~~~~~~~~~~~~~~~~~~~~~~[0m


[31mX [41;31m[[41;97mERROR[41;31m][0m [1mTS2571: Object is of type 'unknown'.[0m [1m[35m[plugin angular-compiler][0m

    src/app/features/home-kiosquero/home-kiosquero.page.html:9:40:
[37m      9 │       [gananciasFormateadas]="presenter.[32mgananciasFormateadas[37m()"
        ╵                                         [32m~~~~~~~~~~~~~~~~~~~~[0m

  Error occurs in the template of component HomeKiosqueroPage.

    src/app/features/home-kiosquero/home-kiosquero.page.ts:16:15:
[37m      16 │   templateUrl: [32m'./home-kiosquero.page.html'[37m,
         ╵                [32m~~~~~~~~~~~~~~~~~~~~~~~~~~~~[0m


[31mX [41;31m[[41;97mERROR[41;31m][0m [1mTS2571: Object is of type 'unknown'.[0m [1m[35m[plugin angular-compiler][0m

    src/app/features/home-kiosquero/home-kiosquero.page.html:10:29:
[37m      10 │       [ventasHoy]="presenter.[32mventasHoy[37m()"
         ╵                              [32m~~~~~~~~~[0m

  Error occurs in the template of component HomeKiosqueroPage.

    src/app/features/home-kiosquero/home-kiosquero.page.ts:16:15:
[37m      16 │   templateUrl: [32m'./home-kiosquero.page.html'[37m,
         ╵                [32m~~~~~~~~~~~~~~~~~~~~~~~~~~~~[0m


[31mX [41;31m[[41;97mERROR[41;31m][0m [1mTS2571: Object is of type 'unknown'.[0m [1m[35m[plugin angular-compiler][0m

    src/app/features/home-kiosquero/home-kiosquero.page.html:11:37:
[37m      11 │       [productosSinStock]="presenter.[32mproductosSinStock[37m()"
         ╵                                      [32m~~~~~~~~~~~~~~~~~[0m

  Error occurs in the template of component HomeKiosqueroPage.

    src/app/features/home-kiosquero/home-kiosquero.page.ts:16:15:
[37m      16 │   templateUrl: [32m'./home-kiosquero.page.html'[37m,
         ╵                [32m~~~~~~~~~~~~~~~~~~~~~~~~~~~~[0m


[31mX [41;31m[[41;97mERROR[41;31m][0m [1mTS2571: Object is of type 'unknown'.[0m [1m[35m[plugin angular-compiler][0m

    src/app/features/home-kiosquero/home-kiosquero.page.html:15:28:
[37m      15 │       [acciones]="presenter.[32macciones[37m()"
         ╵                             [32m~~~~~~~~[0m

  Error occurs in the template of component HomeKiosqueroPage.

    src/app/features/home-kiosquero/home-kiosquero.page.ts:16:15:
[37m      16 │   templateUrl: [32m'./home-kiosquero.page.html'[37m,
         ╵                [32m~~~~~~~~~~~~~~~~~~~~~~~~~~~~[0m


[31mX [41;31m[[41;97mERROR[41;31m][0m [1mTS2571: Object is of type 'unknown'.[0m [1m[35m[plugin angular-compiler][0m

    src/app/features/home-kiosquero/home-kiosquero.page.html:16:26:
[37m      16 │       (accion)="presenter.[32mejecutarAccion[37m($event)"
         ╵                           [32m~~~~~~~~~~~~~~[0m

  Error occurs in the template of component HomeKiosqueroPage.

    src/app/features/home-kiosquero/home-kiosquero.page.ts:16:15:
[37m      16 │   templateUrl: [32m'./home-kiosquero.page.html'[37m,
         ╵                [32m~~~~~~~~~~~~~~~~~~~~~~~~~~~~[0m


[31mX [41;31m[[41;97mERROR[41;31m][0m [1mTS2307: Cannot find module './presenter/home-kiosquero.presenter' or its corresponding type declarations.[0m [1m[35m[plugin angular-compiler][0m

    src/app/features/home-kiosquero/home-kiosquero.page.ts:12:39:
[37m      12 │ ...eKiosqueroPresenter } from [32m'./presenter/home-kiosquero.presenter'[37m;
         ╵                               [32m~~~~~~~~~~~~~~~~~~~~~~~~~~~~~~~~~~~~~~[0m


[31mX [41;31m[[41;97mERROR[41;31m][0m [1mTS2571: Object is of type 'unknown'.[0m [1m[35m[plugin angular-compiler][0m

    src/app/features/home-kiosquero/home-kiosquero.page.ts:32:4:
[37m      32 │     [32mthis.presenter[37m.init();
         ╵     [32m~~~~~~~~~~~~~~[0m


[31mX [41;31m[[41;97mERROR[41;31m][0m [1mTS2571: Object is of type 'unknown'.[0m [1m[35m[plugin angular-compiler][0m

    src/app/features/home-kiosquero/home-kiosquero.page.ts:33:40:
[37m      33 │ ....usuarioService.setNombreNavbar([32mthis.presenter[37m.nombreKiosquero());
         ╵                                    [32m~~~~~~~~~~~~~~[0m


[31mX [41;31m[[41;97mERROR[41;31m][0m [1mCould not resolve "./presenter/home-kiosquero.presenter"[0m

    src/app/features/home-kiosquero/home-kiosquero.page.ts:6:39:
[37m      6 │ ...meKiosqueroPresenter } from [32m'./presenter/home-kiosquero.presenter'[37m;
        ╵                                [32m~~~~~~~~~~~~~~~~~~~~~~~~~~~~~~~~~~~~~~[0m

[39m[22m
[1m[31m[31mX [41;31m[[41;97mERROR[41;31m][0m [1mTS2571: Object is of type 'unknown'.[0m [1m[35m[plugin angular-compiler][0m

    src/app/features/home-kiosquero/home-kiosquero.page.html:1:34:
[37m      1 │ <app-navbar [userName]="presenter.[32mnombreKiosquero[37m()" />
        ╵                                   [32m~~~~~~~~~~~~~~~[0m

  Error occurs in the template of component HomeKiosqueroPage.

    src/app/features/home-kiosquero/home-kiosquero.page.ts:16:15:
[37m      16 │   templateUrl: [32m'./home-kiosquero.page.html'[37m,
         ╵                [32m~~~~~~~~~~~~~~~~~~~~~~~~~~~~[0m


[31mX [41;31m[[41;97mERROR[41;31m][0m [1mTS2571: Object is of type 'unknown'.[0m [1m[35m[plugin angular-compiler][0m

    src/app/features/home-kiosquero/home-kiosquero.page.html:6:29:
[37m      6 │       [iniciales]="presenter.[32miniciales[37m()"
        ╵                              [32m~~~~~~~~~[0m

  Error occurs in the template of component HomeKiosqueroPage.

    src/app/features/home-kiosquero/home-kiosquero.page.ts:16:15:
[37m      16 │   templateUrl: [32m'./home-kiosquero.page.html'[37m,
         ╵                [32m~~~~~~~~~~~~~~~~~~~~~~~~~~~~[0m


[31mX [41;31m[[41;97mERROR[41;31m][0m [1mTS2571: Object is of type 'unknown'.[0m [1m[35m[plugin angular-compiler][0m

    src/app/features/home-kiosquero/home-kiosquero.page.html:7:35:
[37m      7 │       [nombreKiosquero]="presenter.[32mnombreKiosquero[37m()"
        ╵                                    [32m~~~~~~~~~~~~~~~[0m

  Error occurs in the template of component HomeKiosqueroPage.

    src/app/features/home-kiosquero/home-kiosquero.page.ts:16:15:
[37m      16 │   templateUrl: [32m'./home-kiosquero.page.html'[37m,
         ╵                [32m~~~~~~~~~~~~~~~~~~~~~~~~~~~~[0m


[31mX [41;31m[[41;97mERROR[41;31m][0m [1mTS2571: Object is of type 'unknown'.[0m [1m[35m[plugin angular-compiler][0m

    src/app/features/home-kiosquero/home-kiosquero.page.html:8:26:
[37m      8 │       [saludo]="presenter.[32msaludo[37m()"
        ╵                           [32m~~~~~~[0m

  Error occurs in the template of component HomeKiosqueroPage.

    src/app/features/home-kiosquero/home-kiosquero.page.ts:16:15:
[37m      16 │   templateUrl: [32m'./home-kiosquero.page.html'[37m,
         ╵                [32m~~~~~~~~~~~~~~~~~~~~~~~~~~~~[0m


[31mX [41;31m[[41;97mERROR[41;31m][0m [1mTS2571: Object is of type 'unknown'.[0m [1m[35m[plugin angular-compiler][0m

    src/app/features/home-kiosquero/home-kiosquero.page.html:9:40:
[37m      9 │       [gananciasFormateadas]="presenter.[32mgananciasFormateadas[37m()"
        ╵                                         [32m~~~~~~~~~~~~~~~~~~~~[0m

  Error occurs in the template of component HomeKiosqueroPage.

    src/app/features/home-kiosquero/home-kiosquero.page.ts:16:15:
[37m      16 │   templateUrl: [32m'./home-kiosquero.page.html'[37m,
         ╵                [32m~~~~~~~~~~~~~~~~~~~~~~~~~~~~[0m


[31mX [41;31m[[41;97mERROR[41;31m][0m [1mTS2571: Object is of type 'unknown'.[0m [1m[35m[plugin angular-compiler][0m

    src/app/features/home-kiosquero/home-kiosquero.page.html:10:29:
[37m      10 │       [ventasHoy]="presenter.[32mventasHoy[37m()"
         ╵                              [32m~~~~~~~~~[0m

  Error occurs in the template of component HomeKiosqueroPage.

    src/app/features/home-kiosquero/home-kiosquero.page.ts:16:15:
[37m      16 │   templateUrl: [32m'./home-kiosquero.page.html'[37m,
         ╵                [32m~~~~~~~~~~~~~~~~~~~~~~~~~~~~[0m


[31mX [41;31m[[41;97mERROR[41;31m][0m [1mTS2571: Object is of type 'unknown'.[0m [1m[35m[plugin angular-compiler][0m

    src/app/features/home-kiosquero/home-kiosquero.page.html:11:37:
[37m      11 │       [productosSinStock]="presenter.[32mproductosSinStock[37m()"
         ╵                                      [32m~~~~~~~~~~~~~~~~~[0m

  Error occurs in the template of component HomeKiosqueroPage.

    src/app/features/home-kiosquero/home-kiosquero.page.ts:16:15:
[37m      16 │   templateUrl: [32m'./home-kiosquero.page.html'[37m,
         ╵                [32m~~~~~~~~~~~~~~~~~~~~~~~~~~~~[0m


[31mX [41;31m[[41;97mERROR[41;31m][0m [1mTS2571: Object is of type 'unknown'.[0m [1m[35m[plugin angular-compiler][0m

    src/app/features/home-kiosquero/home-kiosquero.page.html:15:28:
[37m      15 │       [acciones]="presenter.[32macciones[37m()"
         ╵                             [32m~~~~~~~~[0m

  Error occurs in the template of component HomeKiosqueroPage.

    src/app/features/home-kiosquero/home-kiosquero.page.ts:16:15:
[37m      16 │   templateUrl: [32m'./home-kiosquero.page.html'[37m,
         ╵                [32m~~~~~~~~~~~~~~~~~~~~~~~~~~~~[0m


[31mX [41;31m[[41;97mERROR[41;31m][0m [1mTS2571: Object is of type 'unknown'.[0m [1m[35m[plugin angular-compiler][0m

    src/app/features/home-kiosquero/home-kiosquero.page.html:16:26:
[37m      16 │       (accion)="presenter.[32mejecutarAccion[37m($event)"
         ╵                           [32m~~~~~~~~~~~~~~[0m

  Error occurs in the template of component HomeKiosqueroPage.

    src/app/features/home-kiosquero/home-kiosquero.page.ts:16:15:
[37m      16 │   templateUrl: [32m'./home-kiosquero.page.html'[37m,
         ╵                [32m~~~~~~~~~~~~~~~~~~~~~~~~~~~~[0m


[31mX [41;31m[[41;97mERROR[41;31m][0m [1mTS2307: Cannot find module './presenter/home-kiosquero.presenter' or its corresponding type declarations.[0m [1m[35m[plugin angular-compiler][0m

    src/app/features/home-kiosquero/home-kiosquero.page.ts:12:39:
[37m      12 │ ...eKiosqueroPresenter } from [32m'./presenter/home-kiosquero.presenter'[37m;
         ╵                               [32m~~~~~~~~~~~~~~~~~~~~~~~~~~~~~~~~~~~~~~[0m


[31mX [41;31m[[41;97mERROR[41;31m][0m [1mTS2571: Object is of type 'unknown'.[0m [1m[35m[plugin angular-compiler][0m

    src/app/features/home-kiosquero/home-kiosquero.page.ts:32:4:
[37m      32 │     [32mthis.presenter[37m.init();
         ╵     [32m~~~~~~~~~~~~~~[0m


[31mX [41;31m[[41;97mERROR[41;31m][0m [1mTS2571: Object is of type 'unknown'.[0m [1m[35m[plugin angular-compiler][0m

    src/app/features/home-kiosquero/home-kiosquero.page.ts:33:40:
[37m      33 │ ....usuarioService.setNombreNavbar([32mthis.presenter[37m.nombreKiosquero());
         ╵                                    [32m~~~~~~~~~~~~~~[0m


[31mX [41;31m[[41;97mERROR[41;31m][0m [1mCould not resolve "./presenter/home-kiosquero.presenter"[0m

    src/app/features/home-kiosquero/home-kiosquero.page.ts:6:39:
[37m      6 │ ...meKiosqueroPresenter } from [32m'./presenter/home-kiosquero.presenter'[37m;
        ╵                                [32m~~~~~~~~~~~~~~~~~~~~~~~~~~~~~~~~~~~~~~[0m

[39m[22m
[1m[31m[31mX [41;31m[[41;97mERROR[41;31m][0m [1mTS2571: Object is of type 'unknown'.[0m [1m[35m[plugin angular-compiler][0m

    src/app/features/home-kiosquero/home-kiosquero.page.html:1:34:
[37m      1 │ <app-navbar [userName]="presenter.[32mnombreKiosquero[37m()" />
        ╵                                   [32m~~~~~~~~~~~~~~~[0m

  Error occurs in the template of component HomeKiosqueroPage.

    src/app/features/home-kiosquero/home-kiosquero.page.ts:16:15:
[37m      16 │   templateUrl: [32m'./home-kiosquero.page.html'[37m,
         ╵                [32m~~~~~~~~~~~~~~~~~~~~~~~~~~~~[0m


[31mX [41;31m[[41;97mERROR[41;31m][0m [1mTS2571: Object is of type 'unknown'.[0m [1m[35m[plugin angular-compiler][0m

    src/app/features/home-kiosquero/home-kiosquero.page.html:6:29:
[37m      6 │       [iniciales]="presenter.[32miniciales[37m()"
        ╵                              [32m~~~~~~~~~[0m

  Error occurs in the template of component HomeKiosqueroPage.

    src/app/features/home-kiosquero/home-kiosquero.page.ts:16:15:
[37m      16 │   templateUrl: [32m'./home-kiosquero.page.html'[37m,
         ╵                [32m~~~~~~~~~~~~~~~~~~~~~~~~~~~~[0m


[31mX [41;31m[[41;97mERROR[41;31m][0m [1mTS2571: Object is of type 'unknown'.[0m [1m[35m[plugin angular-compiler][0m

    src/app/features/home-kiosquero/home-kiosquero.page.html:7:35:
[37m      7 │       [nombreKiosquero]="presenter.[32mnombreKiosquero[37m()"
        ╵                                    [32m~~~~~~~~~~~~~~~[0m

  Error occurs in the template of component HomeKiosqueroPage.

    src/app/features/home-kiosquero/home-kiosquero.page.ts:16:15:
[37m      16 │   templateUrl: [32m'./home-kiosquero.page.html'[37m,
         ╵                [32m~~~~~~~~~~~~~~~~~~~~~~~~~~~~[0m


[31mX [41;31m[[41;97mERROR[41;31m][0m [1mTS2571: Object is of type 'unknown'.[0m [1m[35m[plugin angular-compiler][0m

    src/app/features/home-kiosquero/home-kiosquero.page.html:8:26:
[37m      8 │       [saludo]="presenter.[32msaludo[37m()"
        ╵                           [32m~~~~~~[0m

  Error occurs in the template of component HomeKiosqueroPage.

    src/app/features/home-kiosquero/home-kiosquero.page.ts:16:15:
[37m      16 │   templateUrl: [32m'./home-kiosquero.page.html'[37m,
         ╵                [32m~~~~~~~~~~~~~~~~~~~~~~~~~~~~[0m


[31mX [41;31m[[41;97mERROR[41;31m][0m [1mTS2571: Object is of type 'unknown'.[0m [1m[35m[plugin angular-compiler][0m

    src/app/features/home-kiosquero/home-kiosquero.page.html:9:40:
[37m      9 │       [gananciasFormateadas]="presenter.[32mgananciasFormateadas[37m()"
        ╵                                         [32m~~~~~~~~~~~~~~~~~~~~[0m

  Error occurs in the template of component HomeKiosqueroPage.

    src/app/features/home-kiosquero/home-kiosquero.page.ts:16:15:
[37m      16 │   templateUrl: [32m'./home-kiosquero.page.html'[37m,
         ╵                [32m~~~~~~~~~~~~~~~~~~~~~~~~~~~~[0m


[31mX [41;31m[[41;97mERROR[41;31m][0m [1mTS2571: Object is of type 'unknown'.[0m [1m[35m[plugin angular-compiler][0m

    src/app/features/home-kiosquero/home-kiosquero.page.html:10:29:
[37m      10 │       [ventasHoy]="presenter.[32mventasHoy[37m()"
         ╵                              [32m~~~~~~~~~[0m

  Error occurs in the template of component HomeKiosqueroPage.

    src/app/features/home-kiosquero/home-kiosquero.page.ts:16:15:
[37m      16 │   templateUrl: [32m'./home-kiosquero.page.html'[37m,
         ╵                [32m~~~~~~~~~~~~~~~~~~~~~~~~~~~~[0m


[31mX [41;31m[[41;97mERROR[41;31m][0m [1mTS2571: Object is of type 'unknown'.[0m [1m[35m[plugin angular-compiler][0m

    src/app/features/home-kiosquero/home-kiosquero.page.html:11:37:
[37m      11 │       [productosSinStock]="presenter.[32mproductosSinStock[37m()"
         ╵                                      [32m~~~~~~~~~~~~~~~~~[0m

  Error occurs in the template of component HomeKiosqueroPage.

    src/app/features/home-kiosquero/home-kiosquero.page.ts:16:15:
[37m      16 │   templateUrl: [32m'./home-kiosquero.page.html'[37m,
         ╵                [32m~~~~~~~~~~~~~~~~~~~~~~~~~~~~[0m


[31mX [41;31m[[41;97mERROR[41;31m][0m [1mTS2571: Object is of type 'unknown'.[0m [1m[35m[plugin angular-compiler][0m

    src/app/features/home-kiosquero/home-kiosquero.page.html:15:28:
[37m      15 │       [acciones]="presenter.[32macciones[37m()"
         ╵                             [32m~~~~~~~~[0m

  Error occurs in the template of component HomeKiosqueroPage.

    src/app/features/home-kiosquero/home-kiosquero.page.ts:16:15:
[37m      16 │   templateUrl: [32m'./home-kiosquero.page.html'[37m,
         ╵                [32m~~~~~~~~~~~~~~~~~~~~~~~~~~~~[0m


[31mX [41;31m[[41;97mERROR[41;31m][0m [1mTS2571: Object is of type 'unknown'.[0m [1m[35m[plugin angular-compiler][0m

    src/app/features/home-kiosquero/home-kiosquero.page.html:16:26:
[37m      16 │       (accion)="presenter.[32mejecutarAccion[37m($event)"
         ╵                           [32m~~~~~~~~~~~~~~[0m

  Error occurs in the template of component HomeKiosqueroPage.

    src/app/features/home-kiosquero/home-kiosquero.page.ts:16:15:
[37m      16 │   templateUrl: [32m'./home-kiosquero.page.html'[37m,
         ╵                [32m~~~~~~~~~~~~~~~~~~~~~~~~~~~~[0m


[31mX [41;31m[[41;97mERROR[41;31m][0m [1mTS2307: Cannot find module './presenter/home-kiosquero.presenter' or its corresponding type declarations.[0m [1m[35m[plugin angular-compiler][0m

    src/app/features/home-kiosquero/home-kiosquero.page.ts:12:39:
[37m      12 │ ...eKiosqueroPresenter } from [32m'./presenter/home-kiosquero.presenter'[37m;
         ╵                               [32m~~~~~~~~~~~~~~~~~~~~~~~~~~~~~~~~~~~~~~[0m


[31mX [41;31m[[41;97mERROR[41;31m][0m [1mTS2571: Object is of type 'unknown'.[0m [1m[35m[plugin angular-compiler][0m

    src/app/features/home-kiosquero/home-kiosquero.page.ts:32:4:
[37m      32 │     [32mthis.presenter[37m.init();
         ╵     [32m~~~~~~~~~~~~~~[0m


[31mX [41;31m[[41;97mERROR[41;31m][0m [1mTS2571: Object is of type 'unknown'.[0m [1m[35m[plugin angular-compiler][0m

    src/app/features/home-kiosquero/home-kiosquero.page.ts:33:40:
[37m      33 │ ....usuarioService.setNombreNavbar([32mthis.presenter[37m.nombreKiosquero());
         ╵                                    [32m~~~~~~~~~~~~~~[0m


[31mX [41;31m[[41;97mERROR[41;31m][0m [1mCould not resolve "./presenter/home-kiosquero.presenter"[0m

    src/app/features/home-kiosquero/home-kiosquero.page.ts:6:39:
[37m      6 │ ...meKiosqueroPresenter } from [32m'./presenter/home-kiosquero.presenter'[37m;
        ╵                                [32m~~~~~~~~~~~~~~~~~~~~~~~~~~~~~~~~~~~~~~[0m

[39m[22m
[1m[31m[31mX [41;31m[[41;97mERROR[41;31m][0m [1mNG2012: Component imports must be standalone components, directives, pipes, or must be NgModules.[0m [1m[35m[plugin angular-compiler][0m

    src/app/features/home-kiosquero/home-kiosquero.page.ts:20:4:
[37m      20 │     [32mPerfilKiosqueroHeaderComponent[37m,
         ╵     [32m~~~~~~~~~~~~~~~~~~~~~~~~~~~~~~[0m

[39m[22m
[1m[31m[31mX [41;31m[[41;97mERROR[41;31m][0m [1mNG2012: Component imports must be standalone components, directives, pipes, or must be NgModules.[0m [1m[35m[plugin angular-compiler][0m

    src/app/features/home-kiosquero/home-kiosquero.page.ts:20:4:
[37m      20 │     [32mPerfilKiosqueroHeaderComponent[37m,
         ╵     [32m~~~~~~~~~~~~~~~~~~~~~~~~~~~~~~[0m

[39m[22m
[1m[31m[31mX [41;31m[[41;97mERROR[41;31m][0m [1mNG2012: Component imports must be standalone components, directives, pipes, or must be NgModules.[0m [1m[35m[plugin angular-compiler][0m

    src/app/features/home-kiosquero/home-kiosquero.page.ts:20:4:
[37m      20 │     [32mPerfilKiosqueroHeaderComponent[37m,
         ╵     [32m~~~~~~~~~~~~~~~~~~~~~~~~~~~~~~[0m

[39m[22m
[1m[31m[31mX [41;31m[[41;97mERROR[41;31m][0m [1mNG2012: Component imports must be standalone components, directives, pipes, or must be NgModules.[0m [1m[35m[plugin angular-compiler][0m

    src/app/features/home-kiosquero/home-kiosquero.page.ts:20:4:
[37m      20 │     [32mPerfilKiosqueroHeaderComponent[37m,
         ╵     [32m~~~~~~~~~~~~~~~~~~~~~~~~~~~~~~[0m

[39m[22m
[1m[31m[31mX [41;31m[[41;97mERROR[41;31m][0m [1mTS2339: Property 'attentionItems' does not exist on type 'HomeKiosqueroPresenter'.[0m [1m[35m[plugin angular-compiler][0m

    src/app/features/home-kiosquero/home-kiosquero.page.html:76:36:
[37m      76 │ ...     @for (item of presenter.[32mattentionItems[37m(); track item.label) {
         ╵                                 [32m~~~~~~~~~~~~~~[0m

  Error occurs in the template of component HomeKiosqueroPage.

    src/app/features/home-kiosquero/home-kiosquero.page.ts:16:15:
[37m      16 │   templateUrl: [32m'./home-kiosquero.page.html'[37m,
         ╵                [32m~~~~~~~~~~~~~~~~~~~~~~~~~~~~[0m


[31mX [41;31m[[41;97mERROR[41;31m][0m [1mTS2551: Property 'mainSummaryMetrics' does not exist on type 'HomeKiosqueroPresenter'. Did you mean 'summaryMetrics'?[0m [1m[35m[plugin angular-compiler][0m

    src/app/features/home-kiosquero/home-kiosquero.page.html:97:36:
[37m      97 │ ...r (metric of presenter.[32mmainSummaryMetrics[37m(); track metric.label) {
         ╵                           [32m~~~~~~~~~~~~~~~~~~[0m

  Error occurs in the template of component HomeKiosqueroPage.

    src/app/features/home-kiosquero/home-kiosquero.page.ts:16:15:
[37m      16 │   templateUrl: [32m'./home-kiosquero.page.html'[37m,
         ╵                [32m~~~~~~~~~~~~~~~~~~~~~~~~~~~~[0m


[31mX [41;31m[[41;97mERROR[41;31m][0m [1mTS2339: Property 'orderedStatusItems' does not exist on type 'HomeKiosqueroPresenter'.[0m [1m[35m[plugin angular-compiler][0m

    src/app/features/home-kiosquero/home-kiosquero.page.html:133:31:
[37m      133 │                 @if (presenter.[32morderedStatusItems[37m().length > 0) {
          ╵                                [32m~~~~~~~~~~~~~~~~~~[0m

  Error occurs in the template of component HomeKiosqueroPage.

    src/app/features/home-kiosquero/home-kiosquero.page.ts:16:15:
[37m      16 │   templateUrl: [32m'./home-kiosquero.page.html'[37m,
         ╵                [32m~~~~~~~~~~~~~~~~~~~~~~~~~~~~[0m


[31mX [41;31m[[41;97mERROR[41;31m][0m [1mTS2339: Property 'orderedStatusItems' does not exist on type 'HomeKiosqueroPresenter'.[0m [1m[35m[plugin angular-compiler][0m

    src/app/features/home-kiosquero/home-kiosquero.page.html:135:46:
[37m      135 │ ... (status of presenter.[32morderedStatusItems[37m(); track status.statu...
          ╵                          [32m~~~~~~~~~~~~~~~~~~[0m

  Error occurs in the template of component HomeKiosqueroPage.

    src/app/features/home-kiosquero/home-kiosquero.page.ts:16:15:
[37m      16 │   templateUrl: [32m'./home-kiosquero.page.html'[37m,
         ╵                [32m~~~~~~~~~~~~~~~~~~~~~~~~~~~~[0m


[31mX [41;31m[[41;97mERROR[41;31m][0m [1mTS2339: Property 'criticalProductGroups' does not exist on type 'HomeKiosqueroPresenter'.[0m [1m[35m[plugin angular-compiler][0m

    src/app/features/home-kiosquero/home-kiosquero.page.html:212:27:
[37m      212 │             @if (presenter.[32mcriticalProductGroups[37m().length > 0) {
          ╵                            [32m~~~~~~~~~~~~~~~~~~~~~[0m

  Error occurs in the template of component HomeKiosqueroPage.

    src/app/features/home-kiosquero/home-kiosquero.page.ts:16:15:
[37m      16 │   templateUrl: [32m'./home-kiosquero.page.html'[37m,
         ╵                [32m~~~~~~~~~~~~~~~~~~~~~~~~~~~~[0m


[31mX [41;31m[[41;97mERROR[41;31m][0m [1mTS2339: Property 'criticalProductGroups' does not exist on type 'HomeKiosqueroPresenter'.[0m [1m[35m[plugin angular-compiler][0m

    src/app/features/home-kiosquero/home-kiosquero.page.html:214:41:
[37m      214 │ ... (group of presenter.[32mcriticalProductGroups[37m(); track group.titl...
          ╵                         [32m~~~~~~~~~~~~~~~~~~~~~[0m

  Error occurs in the template of component HomeKiosqueroPage.

    src/app/features/home-kiosquero/home-kiosquero.page.ts:16:15:
[37m      16 │   templateUrl: [32m'./home-kiosquero.page.html'[37m,
         ╵                [32m~~~~~~~~~~~~~~~~~~~~~~~~~~~~[0m


[31mX [41;31m[[41;97mERROR[41;31m][0m [1mTS2551: Property 'rankingProductGroups' does not exist on type 'HomeKiosqueroPresenter'. Did you mean 'trackProductGroup'?[0m [1m[35m[plugin angular-compiler][0m

    src/app/features/home-kiosquero/home-kiosquero.page.html:274:39:
[37m      274 │ ... (group of presenter.[32mrankingProductGroups[37m(); track group.title) {
          ╵                         [32m~~~~~~~~~~~~~~~~~~~~[0m

  Error occurs in the template of component HomeKiosqueroPage.

    src/app/features/home-kiosquero/home-kiosquero.page.ts:16:15:
[37m      16 │   templateUrl: [32m'./home-kiosquero.page.html'[37m,
         ╵                [32m~~~~~~~~~~~~~~~~~~~~~~~~~~~~[0m


[31mX [41;31m[[41;97mERROR[41;31m][0m [1mTS2339: Property 'hasVisibleAlerts' does not exist on type 'HomeKiosqueroPresenter'.[0m [1m[35m[plugin angular-compiler][0m

    src/app/features/home-kiosquero/home-kiosquero.page.html:316:27:
[37m      316 │             @if (presenter.[32mhasVisibleAlerts[37m()) {
          ╵                            [32m~~~~~~~~~~~~~~~~[0m

  Error occurs in the template of component HomeKiosqueroPage.

    src/app/features/home-kiosquero/home-kiosquero.page.ts:16:15:
[37m      16 │   templateUrl: [32m'./home-kiosquero.page.html'[37m,
         ╵                [32m~~~~~~~~~~~~~~~~~~~~~~~~~~~~[0m


[31mX [41;31m[[41;97mERROR[41;31m][0m [1mTS2339: Property 'visibleAlertMetrics' does not exist on type 'HomeKiosqueroPresenter'.[0m [1m[35m[plugin angular-compiler][0m

    src/app/features/home-kiosquero/home-kiosquero.page.html:318:42:
[37m      318 │ ... (metric of presenter.[32mvisibleAlertMetrics[37m(); track metric.labe...
          ╵                          [32m~~~~~~~~~~~~~~~~~~~[0m

  Error occurs in the template of component HomeKiosqueroPage.

    src/app/features/home-kiosquero/home-kiosquero.page.ts:16:15:
[37m      16 │   templateUrl: [32m'./home-kiosquero.page.html'[37m,
         ╵                [32m~~~~~~~~~~~~~~~~~~~~~~~~~~~~[0m


[31mX [41;31m[[41;97mERROR[41;31m][0m [1mTS2339: Property 'visibleAlertItems' does not exist on type 'HomeKiosqueroPresenter'.[0m [1m[35m[plugin angular-compiler][0m

    src/app/features/home-kiosquero/home-kiosquero.page.html:331:29:
[37m      331 │               @if (presenter.[32mvisibleAlertItems[37m().length > 0) {
          ╵                              [32m~~~~~~~~~~~~~~~~~[0m

  Error occurs in the template of component HomeKiosqueroPage.

    src/app/features/home-kiosquero/home-kiosquero.page.ts:16:15:
[37m      16 │   templateUrl: [32m'./home-kiosquero.page.html'[37m,
         ╵                [32m~~~~~~~~~~~~~~~~~~~~~~~~~~~~[0m


[31mX [41;31m[[41;97mERROR[41;31m][0m [1mTS2339: Property 'visibleAlertItems' does not exist on type 'HomeKiosqueroPresenter'.[0m [1m[35m[plugin angular-compiler][0m

    src/app/features/home-kiosquero/home-kiosquero.page.html:333:42:
[37m      333 │ ...  @for (item of presenter.[32mvisibleAlertItems[37m(); track item.type) {
          ╵                              [32m~~~~~~~~~~~~~~~~~[0m

  Error occurs in the template of component HomeKiosqueroPage.

    src/app/features/home-kiosquero/home-kiosquero.page.ts:16:15:
[37m      16 │   templateUrl: [32m'./home-kiosquero.page.html'[37m,
         ╵                [32m~~~~~~~~~~~~~~~~~~~~~~~~~~~~[0m

[39m[22m
[1m[31m[31mX [41;31m[[41;97mERROR[41;31m][0m [1mTS2339: Property 'attentionItems' does not exist on type 'HomeKiosqueroPresenter'.[0m [1m[35m[plugin angular-compiler][0m

    src/app/features/home-kiosquero/home-kiosquero.page.html:76:36:
[37m      76 │ ...     @for (item of presenter.[32mattentionItems[37m(); track item.label) {
         ╵                                 [32m~~~~~~~~~~~~~~[0m

  Error occurs in the template of component HomeKiosqueroPage.

    src/app/features/home-kiosquero/home-kiosquero.page.ts:16:15:
[37m      16 │   templateUrl: [32m'./home-kiosquero.page.html'[37m,
         ╵                [32m~~~~~~~~~~~~~~~~~~~~~~~~~~~~[0m


[31mX [41;31m[[41;97mERROR[41;31m][0m [1mTS2551: Property 'mainSummaryMetrics' does not exist on type 'HomeKiosqueroPresenter'. Did you mean 'summaryMetrics'?[0m [1m[35m[plugin angular-compiler][0m

    src/app/features/home-kiosquero/home-kiosquero.page.html:97:36:
[37m      97 │ ...r (metric of presenter.[32mmainSummaryMetrics[37m(); track metric.label) {
         ╵                           [32m~~~~~~~~~~~~~~~~~~[0m

  Error occurs in the template of component HomeKiosqueroPage.

    src/app/features/home-kiosquero/home-kiosquero.page.ts:16:15:
[37m      16 │   templateUrl: [32m'./home-kiosquero.page.html'[37m,
         ╵                [32m~~~~~~~~~~~~~~~~~~~~~~~~~~~~[0m


[31mX [41;31m[[41;97mERROR[41;31m][0m [1mTS2339: Property 'orderedStatusItems' does not exist on type 'HomeKiosqueroPresenter'.[0m [1m[35m[plugin angular-compiler][0m

    src/app/features/home-kiosquero/home-kiosquero.page.html:133:31:
[37m      133 │                 @if (presenter.[32morderedStatusItems[37m().length > 0) {
          ╵                                [32m~~~~~~~~~~~~~~~~~~[0m

  Error occurs in the template of component HomeKiosqueroPage.

    src/app/features/home-kiosquero/home-kiosquero.page.ts:16:15:
[37m      16 │   templateUrl: [32m'./home-kiosquero.page.html'[37m,
         ╵                [32m~~~~~~~~~~~~~~~~~~~~~~~~~~~~[0m


[31mX [41;31m[[41;97mERROR[41;31m][0m [1mTS2339: Property 'orderedStatusItems' does not exist on type 'HomeKiosqueroPresenter'.[0m [1m[35m[plugin angular-compiler][0m

    src/app/features/home-kiosquero/home-kiosquero.page.html:135:46:
[37m      135 │ ... (status of presenter.[32morderedStatusItems[37m(); track status.statu...
          ╵                          [32m~~~~~~~~~~~~~~~~~~[0m

  Error occurs in the template of component HomeKiosqueroPage.

    src/app/features/home-kiosquero/home-kiosquero.page.ts:16:15:
[37m      16 │   templateUrl: [32m'./home-kiosquero.page.html'[37m,
         ╵                [32m~~~~~~~~~~~~~~~~~~~~~~~~~~~~[0m


[31mX [41;31m[[41;97mERROR[41;31m][0m [1mTS2339: Property 'criticalProductGroups' does not exist on type 'HomeKiosqueroPresenter'.[0m [1m[35m[plugin angular-compiler][0m

    src/app/features/home-kiosquero/home-kiosquero.page.html:212:27:
[37m      212 │             @if (presenter.[32mcriticalProductGroups[37m().length > 0) {
          ╵                            [32m~~~~~~~~~~~~~~~~~~~~~[0m

  Error occurs in the template of component HomeKiosqueroPage.

    src/app/features/home-kiosquero/home-kiosquero.page.ts:16:15:
[37m      16 │   templateUrl: [32m'./home-kiosquero.page.html'[37m,
         ╵                [32m~~~~~~~~~~~~~~~~~~~~~~~~~~~~[0m


[31mX [41;31m[[41;97mERROR[41;31m][0m [1mTS2339: Property 'criticalProductGroups' does not exist on type 'HomeKiosqueroPresenter'.[0m [1m[35m[plugin angular-compiler][0m

    src/app/features/home-kiosquero/home-kiosquero.page.html:214:41:
[37m      214 │ ... (group of presenter.[32mcriticalProductGroups[37m(); track group.titl...
          ╵                         [32m~~~~~~~~~~~~~~~~~~~~~[0m

  Error occurs in the template of component HomeKiosqueroPage.

    src/app/features/home-kiosquero/home-kiosquero.page.ts:16:15:
[37m      16 │   templateUrl: [32m'./home-kiosquero.page.html'[37m,
         ╵                [32m~~~~~~~~~~~~~~~~~~~~~~~~~~~~[0m


[31mX [41;31m[[41;97mERROR[41;31m][0m [1mTS2551: Property 'rankingProductGroups' does not exist on type 'HomeKiosqueroPresenter'. Did you mean 'trackProductGroup'?[0m [1m[35m[plugin angular-compiler][0m

    src/app/features/home-kiosquero/home-kiosquero.page.html:274:39:
[37m      274 │ ... (group of presenter.[32mrankingProductGroups[37m(); track group.title) {
          ╵                         [32m~~~~~~~~~~~~~~~~~~~~[0m

  Error occurs in the template of component HomeKiosqueroPage.

    src/app/features/home-kiosquero/home-kiosquero.page.ts:16:15:
[37m      16 │   templateUrl: [32m'./home-kiosquero.page.html'[37m,
         ╵                [32m~~~~~~~~~~~~~~~~~~~~~~~~~~~~[0m


[31mX [41;31m[[41;97mERROR[41;31m][0m [1mTS2339: Property 'hasVisibleAlerts' does not exist on type 'HomeKiosqueroPresenter'.[0m [1m[35m[plugin angular-compiler][0m

    src/app/features/home-kiosquero/home-kiosquero.page.html:316:27:
[37m      316 │             @if (presenter.[32mhasVisibleAlerts[37m()) {
          ╵                            [32m~~~~~~~~~~~~~~~~[0m

  Error occurs in the template of component HomeKiosqueroPage.

    src/app/features/home-kiosquero/home-kiosquero.page.ts:16:15:
[37m      16 │   templateUrl: [32m'./home-kiosquero.page.html'[37m,
         ╵                [32m~~~~~~~~~~~~~~~~~~~~~~~~~~~~[0m


[31mX [41;31m[[41;97mERROR[41;31m][0m [1mTS2339: Property 'visibleAlertMetrics' does not exist on type 'HomeKiosqueroPresenter'.[0m [1m[35m[plugin angular-compiler][0m

    src/app/features/home-kiosquero/home-kiosquero.page.html:318:42:
[37m      318 │ ... (metric of presenter.[32mvisibleAlertMetrics[37m(); track metric.labe...
          ╵                          [32m~~~~~~~~~~~~~~~~~~~[0m

  Error occurs in the template of component HomeKiosqueroPage.

    src/app/features/home-kiosquero/home-kiosquero.page.ts:16:15:
[37m      16 │   templateUrl: [32m'./home-kiosquero.page.html'[37m,
         ╵                [32m~~~~~~~~~~~~~~~~~~~~~~~~~~~~[0m


[31mX [41;31m[[41;97mERROR[41;31m][0m [1mTS2339: Property 'visibleAlertItems' does not exist on type 'HomeKiosqueroPresenter'.[0m [1m[35m[plugin angular-compiler][0m

    src/app/features/home-kiosquero/home-kiosquero.page.html:331:29:
[37m      331 │               @if (presenter.[32mvisibleAlertItems[37m().length > 0) {
          ╵                              [32m~~~~~~~~~~~~~~~~~[0m

  Error occurs in the template of component HomeKiosqueroPage.

    src/app/features/home-kiosquero/home-kiosquero.page.ts:16:15:
[37m      16 │   templateUrl: [32m'./home-kiosquero.page.html'[37m,
         ╵                [32m~~~~~~~~~~~~~~~~~~~~~~~~~~~~[0m


[31mX [41;31m[[41;97mERROR[41;31m][0m [1mTS2339: Property 'visibleAlertItems' does not exist on type 'HomeKiosqueroPresenter'.[0m [1m[35m[plugin angular-compiler][0m

    src/app/features/home-kiosquero/home-kiosquero.page.html:333:42:
[37m      333 │ ...  @for (item of presenter.[32mvisibleAlertItems[37m(); track item.type) {
          ╵                              [32m~~~~~~~~~~~~~~~~~[0m

  Error occurs in the template of component HomeKiosqueroPage.

    src/app/features/home-kiosquero/home-kiosquero.page.ts:16:15:
[37m      16 │   templateUrl: [32m'./home-kiosquero.page.html'[37m,
         ╵                [32m~~~~~~~~~~~~~~~~~~~~~~~~~~~~[0m

[39m[22m
[1m[31m[31mX [41;31m[[41;97mERROR[41;31m][0m [1mTS2339: Property 'attentionItems' does not exist on type 'HomeKiosqueroPresenter'.[0m [1m[35m[plugin angular-compiler][0m

    src/app/features/home-kiosquero/home-kiosquero.page.html:76:36:
[37m      76 │ ...     @for (item of presenter.[32mattentionItems[37m(); track item.label) {
         ╵                                 [32m~~~~~~~~~~~~~~[0m

  Error occurs in the template of component HomeKiosqueroPage.

    src/app/features/home-kiosquero/home-kiosquero.page.ts:48:15:
[37m      48 │   templateUrl: [32m'./home-kiosquero.page.html'[37m,
         ╵                [32m~~~~~~~~~~~~~~~~~~~~~~~~~~~~[0m


[31mX [41;31m[[41;97mERROR[41;31m][0m [1mTS2551: Property 'mainSummaryMetrics' does not exist on type 'HomeKiosqueroPresenter'. Did you mean 'summaryMetrics'?[0m [1m[35m[plugin angular-compiler][0m

    src/app/features/home-kiosquero/home-kiosquero.page.html:97:36:
[37m      97 │ ...r (metric of presenter.[32mmainSummaryMetrics[37m(); track metric.label) {
         ╵                           [32m~~~~~~~~~~~~~~~~~~[0m

  Error occurs in the template of component HomeKiosqueroPage.

    src/app/features/home-kiosquero/home-kiosquero.page.ts:48:15:
[37m      48 │   templateUrl: [32m'./home-kiosquero.page.html'[37m,
         ╵                [32m~~~~~~~~~~~~~~~~~~~~~~~~~~~~[0m


[31mX [41;31m[[41;97mERROR[41;31m][0m [1mTS2339: Property 'orderedStatusItems' does not exist on type 'HomeKiosqueroPresenter'.[0m [1m[35m[plugin angular-compiler][0m

    src/app/features/home-kiosquero/home-kiosquero.page.html:133:31:
[37m      133 │                 @if (presenter.[32morderedStatusItems[37m().length > 0) {
          ╵                                [32m~~~~~~~~~~~~~~~~~~[0m

  Error occurs in the template of component HomeKiosqueroPage.

    src/app/features/home-kiosquero/home-kiosquero.page.ts:48:15:
[37m      48 │   templateUrl: [32m'./home-kiosquero.page.html'[37m,
         ╵                [32m~~~~~~~~~~~~~~~~~~~~~~~~~~~~[0m


[31mX [41;31m[[41;97mERROR[41;31m][0m [1mTS2339: Property 'orderedStatusItems' does not exist on type 'HomeKiosqueroPresenter'.[0m [1m[35m[plugin angular-compiler][0m

    src/app/features/home-kiosquero/home-kiosquero.page.html:135:46:
[37m      135 │ ... (status of presenter.[32morderedStatusItems[37m(); track status.statu...
          ╵                          [32m~~~~~~~~~~~~~~~~~~[0m

  Error occurs in the template of component HomeKiosqueroPage.

    src/app/features/home-kiosquero/home-kiosquero.page.ts:48:15:
[37m      48 │   templateUrl: [32m'./home-kiosquero.page.html'[37m,
         ╵                [32m~~~~~~~~~~~~~~~~~~~~~~~~~~~~[0m


[31mX [41;31m[[41;97mERROR[41;31m][0m [1mTS2339: Property 'criticalProductGroups' does not exist on type 'HomeKiosqueroPresenter'.[0m [1m[35m[plugin angular-compiler][0m

    src/app/features/home-kiosquero/home-kiosquero.page.html:212:27:
[37m      212 │             @if (presenter.[32mcriticalProductGroups[37m().length > 0) {
          ╵                            [32m~~~~~~~~~~~~~~~~~~~~~[0m

  Error occurs in the template of component HomeKiosqueroPage.

    src/app/features/home-kiosquero/home-kiosquero.page.ts:48:15:
[37m      48 │   templateUrl: [32m'./home-kiosquero.page.html'[37m,
         ╵                [32m~~~~~~~~~~~~~~~~~~~~~~~~~~~~[0m


[31mX [41;31m[[41;97mERROR[41;31m][0m [1mTS2339: Property 'criticalProductGroups' does not exist on type 'HomeKiosqueroPresenter'.[0m [1m[35m[plugin angular-compiler][0m

    src/app/features/home-kiosquero/home-kiosquero.page.html:214:41:
[37m      214 │ ... (group of presenter.[32mcriticalProductGroups[37m(); track group.titl...
          ╵                         [32m~~~~~~~~~~~~~~~~~~~~~[0m

  Error occurs in the template of component HomeKiosqueroPage.

    src/app/features/home-kiosquero/home-kiosquero.page.ts:48:15:
[37m      48 │   templateUrl: [32m'./home-kiosquero.page.html'[37m,
         ╵                [32m~~~~~~~~~~~~~~~~~~~~~~~~~~~~[0m


[31mX [41;31m[[41;97mERROR[41;31m][0m [1mTS2551: Property 'rankingProductGroups' does not exist on type 'HomeKiosqueroPresenter'. Did you mean 'trackProductGroup'?[0m [1m[35m[plugin angular-compiler][0m

    src/app/features/home-kiosquero/home-kiosquero.page.html:274:39:
[37m      274 │ ... (group of presenter.[32mrankingProductGroups[37m(); track group.title) {
          ╵                         [32m~~~~~~~~~~~~~~~~~~~~[0m

  Error occurs in the template of component HomeKiosqueroPage.

    src/app/features/home-kiosquero/home-kiosquero.page.ts:48:15:
[37m      48 │   templateUrl: [32m'./home-kiosquero.page.html'[37m,
         ╵                [32m~~~~~~~~~~~~~~~~~~~~~~~~~~~~[0m


[31mX [41;31m[[41;97mERROR[41;31m][0m [1mTS2339: Property 'hasVisibleAlerts' does not exist on type 'HomeKiosqueroPresenter'.[0m [1m[35m[plugin angular-compiler][0m

    src/app/features/home-kiosquero/home-kiosquero.page.html:316:27:
[37m      316 │             @if (presenter.[32mhasVisibleAlerts[37m()) {
          ╵                            [32m~~~~~~~~~~~~~~~~[0m

  Error occurs in the template of component HomeKiosqueroPage.

    src/app/features/home-kiosquero/home-kiosquero.page.ts:48:15:
[37m      48 │   templateUrl: [32m'./home-kiosquero.page.html'[37m,
         ╵                [32m~~~~~~~~~~~~~~~~~~~~~~~~~~~~[0m


[31mX [41;31m[[41;97mERROR[41;31m][0m [1mTS2339: Property 'visibleAlertMetrics' does not exist on type 'HomeKiosqueroPresenter'.[0m [1m[35m[plugin angular-compiler][0m

    src/app/features/home-kiosquero/home-kiosquero.page.html:318:42:
[37m      318 │ ... (metric of presenter.[32mvisibleAlertMetrics[37m(); track metric.labe...
          ╵                          [32m~~~~~~~~~~~~~~~~~~~[0m

  Error occurs in the template of component HomeKiosqueroPage.

    src/app/features/home-kiosquero/home-kiosquero.page.ts:48:15:
[37m      48 │   templateUrl: [32m'./home-kiosquero.page.html'[37m,
         ╵                [32m~~~~~~~~~~~~~~~~~~~~~~~~~~~~[0m


[31mX [41;31m[[41;97mERROR[41;31m][0m [1mTS2339: Property 'visibleAlertItems' does not exist on type 'HomeKiosqueroPresenter'.[0m [1m[35m[plugin angular-compiler][0m

    src/app/features/home-kiosquero/home-kiosquero.page.html:331:29:
[37m      331 │               @if (presenter.[32mvisibleAlertItems[37m().length > 0) {
          ╵                              [32m~~~~~~~~~~~~~~~~~[0m

  Error occurs in the template of component HomeKiosqueroPage.

    src/app/features/home-kiosquero/home-kiosquero.page.ts:48:15:
[37m      48 │   templateUrl: [32m'./home-kiosquero.page.html'[37m,
         ╵                [32m~~~~~~~~~~~~~~~~~~~~~~~~~~~~[0m


[31mX [41;31m[[41;97mERROR[41;31m][0m [1mTS2339: Property 'visibleAlertItems' does not exist on type 'HomeKiosqueroPresenter'.[0m [1m[35m[plugin angular-compiler][0m

    src/app/features/home-kiosquero/home-kiosquero.page.html:333:42:
[37m      333 │ ...  @for (item of presenter.[32mvisibleAlertItems[37m(); track item.type) {
          ╵                              [32m~~~~~~~~~~~~~~~~~[0m

  Error occurs in the template of component HomeKiosqueroPage.

    src/app/features/home-kiosquero/home-kiosquero.page.ts:48:15:
[37m      48 │   templateUrl: [32m'./home-kiosquero.page.html'[37m,
         ╵                [32m~~~~~~~~~~~~~~~~~~~~~~~~~~~~[0m

[39m[22m
[1m[31m[31mX [41;31m[[41;97mERROR[41;31m][0m [1mTS2339: Property 'attentionItems' does not exist on type 'HomeKiosqueroPresenter'.[0m [1m[35m[plugin angular-compiler][0m

    src/app/features/home-kiosquero/home-kiosquero.page.html:76:36:
[37m      76 │ ...     @for (item of presenter.[32mattentionItems[37m(); track item.label) {
         ╵                                 [32m~~~~~~~~~~~~~~[0m

  Error occurs in the template of component HomeKiosqueroPage.

    src/app/features/home-kiosquero/home-kiosquero.page.ts:48:15:
[37m      48 │   templateUrl: [32m'./home-kiosquero.page.html'[37m,
         ╵                [32m~~~~~~~~~~~~~~~~~~~~~~~~~~~~[0m


[31mX [41;31m[[41;97mERROR[41;31m][0m [1mTS2551: Property 'mainSummaryMetrics' does not exist on type 'HomeKiosqueroPresenter'. Did you mean 'summaryMetrics'?[0m [1m[35m[plugin angular-compiler][0m

    src/app/features/home-kiosquero/home-kiosquero.page.html:97:36:
[37m      97 │ ...r (metric of presenter.[32mmainSummaryMetrics[37m(); track metric.label) {
         ╵                           [32m~~~~~~~~~~~~~~~~~~[0m

  Error occurs in the template of component HomeKiosqueroPage.

    src/app/features/home-kiosquero/home-kiosquero.page.ts:48:15:
[37m      48 │   templateUrl: [32m'./home-kiosquero.page.html'[37m,
         ╵                [32m~~~~~~~~~~~~~~~~~~~~~~~~~~~~[0m


[31mX [41;31m[[41;97mERROR[41;31m][0m [1mTS2339: Property 'orderedStatusItems' does not exist on type 'HomeKiosqueroPresenter'.[0m [1m[35m[plugin angular-compiler][0m

    src/app/features/home-kiosquero/home-kiosquero.page.html:133:31:
[37m      133 │                 @if (presenter.[32morderedStatusItems[37m().length > 0) {
          ╵                                [32m~~~~~~~~~~~~~~~~~~[0m

  Error occurs in the template of component HomeKiosqueroPage.

    src/app/features/home-kiosquero/home-kiosquero.page.ts:48:15:
[37m      48 │   templateUrl: [32m'./home-kiosquero.page.html'[37m,
         ╵                [32m~~~~~~~~~~~~~~~~~~~~~~~~~~~~[0m


[31mX [41;31m[[41;97mERROR[41;31m][0m [1mTS2339: Property 'orderedStatusItems' does not exist on type 'HomeKiosqueroPresenter'.[0m [1m[35m[plugin angular-compiler][0m

    src/app/features/home-kiosquero/home-kiosquero.page.html:135:46:
[37m      135 │ ... (status of presenter.[32morderedStatusItems[37m(); track status.statu...
          ╵                          [32m~~~~~~~~~~~~~~~~~~[0m

  Error occurs in the template of component HomeKiosqueroPage.

    src/app/features/home-kiosquero/home-kiosquero.page.ts:48:15:
[37m      48 │   templateUrl: [32m'./home-kiosquero.page.html'[37m,
         ╵                [32m~~~~~~~~~~~~~~~~~~~~~~~~~~~~[0m


[31mX [41;31m[[41;97mERROR[41;31m][0m [1mTS2339: Property 'criticalProductGroups' does not exist on type 'HomeKiosqueroPresenter'.[0m [1m[35m[plugin angular-compiler][0m

    src/app/features/home-kiosquero/home-kiosquero.page.html:212:27:
[37m      212 │             @if (presenter.[32mcriticalProductGroups[37m().length > 0) {
          ╵                            [32m~~~~~~~~~~~~~~~~~~~~~[0m

  Error occurs in the template of component HomeKiosqueroPage.

    src/app/features/home-kiosquero/home-kiosquero.page.ts:48:15:
[37m      48 │   templateUrl: [32m'./home-kiosquero.page.html'[37m,
         ╵                [32m~~~~~~~~~~~~~~~~~~~~~~~~~~~~[0m


[31mX [41;31m[[41;97mERROR[41;31m][0m [1mTS2339: Property 'criticalProductGroups' does not exist on type 'HomeKiosqueroPresenter'.[0m [1m[35m[plugin angular-compiler][0m

    src/app/features/home-kiosquero/home-kiosquero.page.html:214:41:
[37m      214 │ ... (group of presenter.[32mcriticalProductGroups[37m(); track group.titl...
          ╵                         [32m~~~~~~~~~~~~~~~~~~~~~[0m

  Error occurs in the template of component HomeKiosqueroPage.

    src/app/features/home-kiosquero/home-kiosquero.page.ts:48:15:
[37m      48 │   templateUrl: [32m'./home-kiosquero.page.html'[37m,
         ╵                [32m~~~~~~~~~~~~~~~~~~~~~~~~~~~~[0m


[31mX [41;31m[[41;97mERROR[41;31m][0m [1mTS2551: Property 'rankingProductGroups' does not exist on type 'HomeKiosqueroPresenter'. Did you mean 'trackProductGroup'?[0m [1m[35m[plugin angular-compiler][0m

    src/app/features/home-kiosquero/home-kiosquero.page.html:274:39:
[37m      274 │ ... (group of presenter.[32mrankingProductGroups[37m(); track group.title) {
          ╵                         [32m~~~~~~~~~~~~~~~~~~~~[0m

  Error occurs in the template of component HomeKiosqueroPage.

    src/app/features/home-kiosquero/home-kiosquero.page.ts:48:15:
[37m      48 │   templateUrl: [32m'./home-kiosquero.page.html'[37m,
         ╵                [32m~~~~~~~~~~~~~~~~~~~~~~~~~~~~[0m


[31mX [41;31m[[41;97mERROR[41;31m][0m [1mTS2339: Property 'hasVisibleAlerts' does not exist on type 'HomeKiosqueroPresenter'.[0m [1m[35m[plugin angular-compiler][0m

    src/app/features/home-kiosquero/home-kiosquero.page.html:316:27:
[37m      316 │             @if (presenter.[32mhasVisibleAlerts[37m()) {
          ╵                            [32m~~~~~~~~~~~~~~~~[0m

  Error occurs in the template of component HomeKiosqueroPage.

    src/app/features/home-kiosquero/home-kiosquero.page.ts:48:15:
[37m      48 │   templateUrl: [32m'./home-kiosquero.page.html'[37m,
         ╵                [32m~~~~~~~~~~~~~~~~~~~~~~~~~~~~[0m


[31mX [41;31m[[41;97mERROR[41;31m][0m [1mTS2339: Property 'visibleAlertMetrics' does not exist on type 'HomeKiosqueroPresenter'.[0m [1m[35m[plugin angular-compiler][0m

    src/app/features/home-kiosquero/home-kiosquero.page.html:318:42:
[37m      318 │ ... (metric of presenter.[32mvisibleAlertMetrics[37m(); track metric.labe...
          ╵                          [32m~~~~~~~~~~~~~~~~~~~[0m

  Error occurs in the template of component HomeKiosqueroPage.

    src/app/features/home-kiosquero/home-kiosquero.page.ts:48:15:
[37m      48 │   templateUrl: [32m'./home-kiosquero.page.html'[37m,
         ╵                [32m~~~~~~~~~~~~~~~~~~~~~~~~~~~~[0m


[31mX [41;31m[[41;97mERROR[41;31m][0m [1mTS2339: Property 'visibleAlertItems' does not exist on type 'HomeKiosqueroPresenter'.[0m [1m[35m[plugin angular-compiler][0m

    src/app/features/home-kiosquero/home-kiosquero.page.html:331:29:
[37m      331 │               @if (presenter.[32mvisibleAlertItems[37m().length > 0) {
          ╵                              [32m~~~~~~~~~~~~~~~~~[0m

  Error occurs in the template of component HomeKiosqueroPage.

    src/app/features/home-kiosquero/home-kiosquero.page.ts:48:15:
[37m      48 │   templateUrl: [32m'./home-kiosquero.page.html'[37m,
         ╵                [32m~~~~~~~~~~~~~~~~~~~~~~~~~~~~[0m


[31mX [41;31m[[41;97mERROR[41;31m][0m [1mTS2339: Property 'visibleAlertItems' does not exist on type 'HomeKiosqueroPresenter'.[0m [1m[35m[plugin angular-compiler][0m

    src/app/features/home-kiosquero/home-kiosquero.page.html:333:42:
[37m      333 │ ...  @for (item of presenter.[32mvisibleAlertItems[37m(); track item.type) {
          ╵                              [32m~~~~~~~~~~~~~~~~~[0m

  Error occurs in the template of component HomeKiosqueroPage.

    src/app/features/home-kiosquero/home-kiosquero.page.ts:48:15:
[37m      48 │   templateUrl: [32m'./home-kiosquero.page.html'[37m,
         ╵                [32m~~~~~~~~~~~~~~~~~~~~~~~~~~~~[0m

[39m[22m
[1m[31m[31mX [41;31m[[41;97mERROR[41;31m][0m [1mTS2339: Property 'attentionItems' does not exist on type 'HomeKiosqueroPresenter'.[0m [1m[35m[plugin angular-compiler][0m

    src/app/features/home-kiosquero/home-kiosquero.page.html:76:36:
[37m      76 │ ...     @for (item of presenter.[32mattentionItems[37m(); track item.label) {
         ╵                                 [32m~~~~~~~~~~~~~~[0m

  Error occurs in the template of component HomeKiosqueroPage.

    src/app/features/home-kiosquero/home-kiosquero.page.ts:16:15:
[37m      16 │   templateUrl: [32m'./home-kiosquero.page.html'[37m,
         ╵                [32m~~~~~~~~~~~~~~~~~~~~~~~~~~~~[0m


[31mX [41;31m[[41;97mERROR[41;31m][0m [1mTS2551: Property 'mainSummaryMetrics' does not exist on type 'HomeKiosqueroPresenter'. Did you mean 'summaryMetrics'?[0m [1m[35m[plugin angular-compiler][0m

    src/app/features/home-kiosquero/home-kiosquero.page.html:97:36:
[37m      97 │ ...r (metric of presenter.[32mmainSummaryMetrics[37m(); track metric.label) {
         ╵                           [32m~~~~~~~~~~~~~~~~~~[0m

  Error occurs in the template of component HomeKiosqueroPage.

    src/app/features/home-kiosquero/home-kiosquero.page.ts:16:15:
[37m      16 │   templateUrl: [32m'./home-kiosquero.page.html'[37m,
         ╵                [32m~~~~~~~~~~~~~~~~~~~~~~~~~~~~[0m


[31mX [41;31m[[41;97mERROR[41;31m][0m [1mTS2339: Property 'orderedStatusItems' does not exist on type 'HomeKiosqueroPresenter'.[0m [1m[35m[plugin angular-compiler][0m

    src/app/features/home-kiosquero/home-kiosquero.page.html:133:31:
[37m      133 │                 @if (presenter.[32morderedStatusItems[37m().length > 0) {
          ╵                                [32m~~~~~~~~~~~~~~~~~~[0m

  Error occurs in the template of component HomeKiosqueroPage.

    src/app/features/home-kiosquero/home-kiosquero.page.ts:16:15:
[37m      16 │   templateUrl: [32m'./home-kiosquero.page.html'[37m,
         ╵                [32m~~~~~~~~~~~~~~~~~~~~~~~~~~~~[0m


[31mX [41;31m[[41;97mERROR[41;31m][0m [1mTS2339: Property 'orderedStatusItems' does not exist on type 'HomeKiosqueroPresenter'.[0m [1m[35m[plugin angular-compiler][0m

    src/app/features/home-kiosquero/home-kiosquero.page.html:135:46:
[37m      135 │ ... (status of presenter.[32morderedStatusItems[37m(); track status.statu...
          ╵                          [32m~~~~~~~~~~~~~~~~~~[0m

  Error occurs in the template of component HomeKiosqueroPage.

    src/app/features/home-kiosquero/home-kiosquero.page.ts:16:15:
[37m      16 │   templateUrl: [32m'./home-kiosquero.page.html'[37m,
         ╵                [32m~~~~~~~~~~~~~~~~~~~~~~~~~~~~[0m


[31mX [41;31m[[41;97mERROR[41;31m][0m [1mTS2339: Property 'criticalProductGroups' does not exist on type 'HomeKiosqueroPresenter'.[0m [1m[35m[plugin angular-compiler][0m

    src/app/features/home-kiosquero/home-kiosquero.page.html:212:27:
[37m      212 │             @if (presenter.[32mcriticalProductGroups[37m().length > 0) {
          ╵                            [32m~~~~~~~~~~~~~~~~~~~~~[0m

  Error occurs in the template of component HomeKiosqueroPage.

    src/app/features/home-kiosquero/home-kiosquero.page.ts:16:15:
[37m      16 │   templateUrl: [32m'./home-kiosquero.page.html'[37m,
         ╵                [32m~~~~~~~~~~~~~~~~~~~~~~~~~~~~[0m


[31mX [41;31m[[41;97mERROR[41;31m][0m [1mTS2339: Property 'criticalProductGroups' does not exist on type 'HomeKiosqueroPresenter'.[0m [1m[35m[plugin angular-compiler][0m

    src/app/features/home-kiosquero/home-kiosquero.page.html:214:41:
[37m      214 │ ... (group of presenter.[32mcriticalProductGroups[37m(); track group.titl...
          ╵                         [32m~~~~~~~~~~~~~~~~~~~~~[0m

  Error occurs in the template of component HomeKiosqueroPage.

    src/app/features/home-kiosquero/home-kiosquero.page.ts:16:15:
[37m      16 │   templateUrl: [32m'./home-kiosquero.page.html'[37m,
         ╵                [32m~~~~~~~~~~~~~~~~~~~~~~~~~~~~[0m


[31mX [41;31m[[41;97mERROR[41;31m][0m [1mTS2551: Property 'rankingProductGroups' does not exist on type 'HomeKiosqueroPresenter'. Did you mean 'trackProductGroup'?[0m [1m[35m[plugin angular-compiler][0m

    src/app/features/home-kiosquero/home-kiosquero.page.html:274:39:
[37m      274 │ ... (group of presenter.[32mrankingProductGroups[37m(); track group.title) {
          ╵                         [32m~~~~~~~~~~~~~~~~~~~~[0m

  Error occurs in the template of component HomeKiosqueroPage.

    src/app/features/home-kiosquero/home-kiosquero.page.ts:16:15:
[37m      16 │   templateUrl: [32m'./home-kiosquero.page.html'[37m,
         ╵                [32m~~~~~~~~~~~~~~~~~~~~~~~~~~~~[0m


[31mX [41;31m[[41;97mERROR[41;31m][0m [1mTS2339: Property 'hasVisibleAlerts' does not exist on type 'HomeKiosqueroPresenter'.[0m [1m[35m[plugin angular-compiler][0m

    src/app/features/home-kiosquero/home-kiosquero.page.html:316:27:
[37m      316 │             @if (presenter.[32mhasVisibleAlerts[37m()) {
          ╵                            [32m~~~~~~~~~~~~~~~~[0m

  Error occurs in the template of component HomeKiosqueroPage.

    src/app/features/home-kiosquero/home-kiosquero.page.ts:16:15:
[37m      16 │   templateUrl: [32m'./home-kiosquero.page.html'[37m,
         ╵                [32m~~~~~~~~~~~~~~~~~~~~~~~~~~~~[0m


[31mX [41;31m[[41;97mERROR[41;31m][0m [1mTS2339: Property 'visibleAlertMetrics' does not exist on type 'HomeKiosqueroPresenter'.[0m [1m[35m[plugin angular-compiler][0m

    src/app/features/home-kiosquero/home-kiosquero.page.html:318:42:
[37m      318 │ ... (metric of presenter.[32mvisibleAlertMetrics[37m(); track metric.labe...
          ╵                          [32m~~~~~~~~~~~~~~~~~~~[0m

  Error occurs in the template of component HomeKiosqueroPage.

    src/app/features/home-kiosquero/home-kiosquero.page.ts:16:15:
[37m      16 │   templateUrl: [32m'./home-kiosquero.page.html'[37m,
         ╵                [32m~~~~~~~~~~~~~~~~~~~~~~~~~~~~[0m


[31mX [41;31m[[41;97mERROR[41;31m][0m [1mTS2339: Property 'visibleAlertItems' does not exist on type 'HomeKiosqueroPresenter'.[0m [1m[35m[plugin angular-compiler][0m

    src/app/features/home-kiosquero/home-kiosquero.page.html:331:29:
[37m      331 │               @if (presenter.[32mvisibleAlertItems[37m().length > 0) {
          ╵                              [32m~~~~~~~~~~~~~~~~~[0m

  Error occurs in the template of component HomeKiosqueroPage.

    src/app/features/home-kiosquero/home-kiosquero.page.ts:16:15:
[37m      16 │   templateUrl: [32m'./home-kiosquero.page.html'[37m,
         ╵                [32m~~~~~~~~~~~~~~~~~~~~~~~~~~~~[0m


[31mX [41;31m[[41;97mERROR[41;31m][0m [1mTS2339: Property 'visibleAlertItems' does not exist on type 'HomeKiosqueroPresenter'.[0m [1m[35m[plugin angular-compiler][0m

    src/app/features/home-kiosquero/home-kiosquero.page.html:333:42:
[37m      333 │ ...  @for (item of presenter.[32mvisibleAlertItems[37m(); track item.type) {
          ╵                              [32m~~~~~~~~~~~~~~~~~[0m

  Error occurs in the template of component HomeKiosqueroPage.

    src/app/features/home-kiosquero/home-kiosquero.page.ts:16:15:
[37m      16 │   templateUrl: [32m'./home-kiosquero.page.html'[37m,
         ╵                [32m~~~~~~~~~~~~~~~~~~~~~~~~~~~~[0m

[39m[22m
[1m[31m[31mX [41;31m[[41;97mERROR[41;31m][0m [1mTS2339: Property 'attentionItems' does not exist on type 'HomeKiosqueroPresenter'.[0m [1m[35m[plugin angular-compiler][0m

    src/app/features/home-kiosquero/home-kiosquero.page.html:76:36:
[37m      76 │ ...     @for (item of presenter.[32mattentionItems[37m(); track item.label) {
         ╵                                 [32m~~~~~~~~~~~~~~[0m

  Error occurs in the template of component HomeKiosqueroPage.

    src/app/features/home-kiosquero/home-kiosquero.page.ts:16:15:
[37m      16 │   templateUrl: [32m'./home-kiosquero.page.html'[37m,
         ╵                [32m~~~~~~~~~~~~~~~~~~~~~~~~~~~~[0m


[31mX [41;31m[[41;97mERROR[41;31m][0m [1mTS2551: Property 'mainSummaryMetrics' does not exist on type 'HomeKiosqueroPresenter'. Did you mean 'summaryMetrics'?[0m [1m[35m[plugin angular-compiler][0m

    src/app/features/home-kiosquero/home-kiosquero.page.html:97:36:
[37m      97 │ ...r (metric of presenter.[32mmainSummaryMetrics[37m(); track metric.label) {
         ╵                           [32m~~~~~~~~~~~~~~~~~~[0m

  Error occurs in the template of component HomeKiosqueroPage.

    src/app/features/home-kiosquero/home-kiosquero.page.ts:16:15:
[37m      16 │   templateUrl: [32m'./home-kiosquero.page.html'[37m,
         ╵                [32m~~~~~~~~~~~~~~~~~~~~~~~~~~~~[0m


[31mX [41;31m[[41;97mERROR[41;31m][0m [1mTS2339: Property 'orderedStatusItems' does not exist on type 'HomeKiosqueroPresenter'.[0m [1m[35m[plugin angular-compiler][0m

    src/app/features/home-kiosquero/home-kiosquero.page.html:133:31:
[37m      133 │                 @if (presenter.[32morderedStatusItems[37m().length > 0) {
          ╵                                [32m~~~~~~~~~~~~~~~~~~[0m

  Error occurs in the template of component HomeKiosqueroPage.

    src/app/features/home-kiosquero/home-kiosquero.page.ts:16:15:
[37m      16 │   templateUrl: [32m'./home-kiosquero.page.html'[37m,
         ╵                [32m~~~~~~~~~~~~~~~~~~~~~~~~~~~~[0m


[31mX [41;31m[[41;97mERROR[41;31m][0m [1mTS2339: Property 'orderedStatusItems' does not exist on type 'HomeKiosqueroPresenter'.[0m [1m[35m[plugin angular-compiler][0m

    src/app/features/home-kiosquero/home-kiosquero.page.html:135:46:
[37m      135 │ ... (status of presenter.[32morderedStatusItems[37m(); track status.statu...
          ╵                          [32m~~~~~~~~~~~~~~~~~~[0m

  Error occurs in the template of component HomeKiosqueroPage.

    src/app/features/home-kiosquero/home-kiosquero.page.ts:16:15:
[37m      16 │   templateUrl: [32m'./home-kiosquero.page.html'[37m,
         ╵                [32m~~~~~~~~~~~~~~~~~~~~~~~~~~~~[0m


[31mX [41;31m[[41;97mERROR[41;31m][0m [1mTS2339: Property 'criticalProductGroups' does not exist on type 'HomeKiosqueroPresenter'.[0m [1m[35m[plugin angular-compiler][0m

    src/app/features/home-kiosquero/home-kiosquero.page.html:212:27:
[37m      212 │             @if (presenter.[32mcriticalProductGroups[37m().length > 0) {
          ╵                            [32m~~~~~~~~~~~~~~~~~~~~~[0m

  Error occurs in the template of component HomeKiosqueroPage.

    src/app/features/home-kiosquero/home-kiosquero.page.ts:16:15:
[37m      16 │   templateUrl: [32m'./home-kiosquero.page.html'[37m,
         ╵                [32m~~~~~~~~~~~~~~~~~~~~~~~~~~~~[0m


[31mX [41;31m[[41;97mERROR[41;31m][0m [1mTS2339: Property 'criticalProductGroups' does not exist on type 'HomeKiosqueroPresenter'.[0m [1m[35m[plugin angular-compiler][0m

    src/app/features/home-kiosquero/home-kiosquero.page.html:214:41:
[37m      214 │ ... (group of presenter.[32mcriticalProductGroups[37m(); track group.titl...
          ╵                         [32m~~~~~~~~~~~~~~~~~~~~~[0m

  Error occurs in the template of component HomeKiosqueroPage.

    src/app/features/home-kiosquero/home-kiosquero.page.ts:16:15:
[37m      16 │   templateUrl: [32m'./home-kiosquero.page.html'[37m,
         ╵                [32m~~~~~~~~~~~~~~~~~~~~~~~~~~~~[0m


[31mX [41;31m[[41;97mERROR[41;31m][0m [1mTS2551: Property 'rankingProductGroups' does not exist on type 'HomeKiosqueroPresenter'. Did you mean 'trackProductGroup'?[0m [1m[35m[plugin angular-compiler][0m

    src/app/features/home-kiosquero/home-kiosquero.page.html:274:39:
[37m      274 │ ... (group of presenter.[32mrankingProductGroups[37m(); track group.title) {
          ╵                         [32m~~~~~~~~~~~~~~~~~~~~[0m

  Error occurs in the template of component HomeKiosqueroPage.

    src/app/features/home-kiosquero/home-kiosquero.page.ts:16:15:
[37m      16 │   templateUrl: [32m'./home-kiosquero.page.html'[37m,
         ╵                [32m~~~~~~~~~~~~~~~~~~~~~~~~~~~~[0m


[31mX [41;31m[[41;97mERROR[41;31m][0m [1mTS2339: Property 'hasVisibleAlerts' does not exist on type 'HomeKiosqueroPresenter'.[0m [1m[35m[plugin angular-compiler][0m

    src/app/features/home-kiosquero/home-kiosquero.page.html:316:27:
[37m      316 │             @if (presenter.[32mhasVisibleAlerts[37m()) {
          ╵                            [32m~~~~~~~~~~~~~~~~[0m

  Error occurs in the template of component HomeKiosqueroPage.

    src/app/features/home-kiosquero/home-kiosquero.page.ts:16:15:
[37m      16 │   templateUrl: [32m'./home-kiosquero.page.html'[37m,
         ╵                [32m~~~~~~~~~~~~~~~~~~~~~~~~~~~~[0m


[31mX [41;31m[[41;97mERROR[41;31m][0m [1mTS2339: Property 'visibleAlertMetrics' does not exist on type 'HomeKiosqueroPresenter'.[0m [1m[35m[plugin angular-compiler][0m

    src/app/features/home-kiosquero/home-kiosquero.page.html:318:42:
[37m      318 │ ... (metric of presenter.[32mvisibleAlertMetrics[37m(); track metric.labe...
          ╵                          [32m~~~~~~~~~~~~~~~~~~~[0m

  Error occurs in the template of component HomeKiosqueroPage.

    src/app/features/home-kiosquero/home-kiosquero.page.ts:16:15:
[37m      16 │   templateUrl: [32m'./home-kiosquero.page.html'[37m,
         ╵                [32m~~~~~~~~~~~~~~~~~~~~~~~~~~~~[0m


[31mX [41;31m[[41;97mERROR[41;31m][0m [1mTS2339: Property 'visibleAlertItems' does not exist on type 'HomeKiosqueroPresenter'.[0m [1m[35m[plugin angular-compiler][0m

    src/app/features/home-kiosquero/home-kiosquero.page.html:331:29:
[37m      331 │               @if (presenter.[32mvisibleAlertItems[37m().length > 0) {
          ╵                              [32m~~~~~~~~~~~~~~~~~[0m

  Error occurs in the template of component HomeKiosqueroPage.

    src/app/features/home-kiosquero/home-kiosquero.page.ts:16:15:
[37m      16 │   templateUrl: [32m'./home-kiosquero.page.html'[37m,
         ╵                [32m~~~~~~~~~~~~~~~~~~~~~~~~~~~~[0m


[31mX [41;31m[[41;97mERROR[41;31m][0m [1mTS2339: Property 'visibleAlertItems' does not exist on type 'HomeKiosqueroPresenter'.[0m [1m[35m[plugin angular-compiler][0m

    src/app/features/home-kiosquero/home-kiosquero.page.html:333:42:
[37m      333 │ ...  @for (item of presenter.[32mvisibleAlertItems[37m(); track item.type) {
          ╵                              [32m~~~~~~~~~~~~~~~~~[0m

  Error occurs in the template of component HomeKiosqueroPage.

    src/app/features/home-kiosquero/home-kiosquero.page.ts:16:15:
[37m      16 │   templateUrl: [32m'./home-kiosquero.page.html'[37m,
         ╵                [32m~~~~~~~~~~~~~~~~~~~~~~~~~~~~[0m

[39m[22m
[1m[31m[31mX [41;31m[[41;97mERROR[41;31m][0m [1mTS2339: Property 'attentionItems' does not exist on type 'HomeKiosqueroPresenter'.[0m [1m[35m[plugin angular-compiler][0m

    src/app/features/home-kiosquero/home-kiosquero.page.html:76:36:
[37m      76 │ ...     @for (item of presenter.[32mattentionItems[37m(); track item.label) {
         ╵                                 [32m~~~~~~~~~~~~~~[0m

  Error occurs in the template of component HomeKiosqueroPage.

    src/app/features/home-kiosquero/home-kiosquero.page.ts:16:15:
[37m      16 │   templateUrl: [32m'./home-kiosquero.page.html'[37m,
         ╵                [32m~~~~~~~~~~~~~~~~~~~~~~~~~~~~[0m


[31mX [41;31m[[41;97mERROR[41;31m][0m [1mTS2551: Property 'mainSummaryMetrics' does not exist on type 'HomeKiosqueroPresenter'. Did you mean 'summaryMetrics'?[0m [1m[35m[plugin angular-compiler][0m

    src/app/features/home-kiosquero/home-kiosquero.page.html:97:36:
[37m      97 │ ...r (metric of presenter.[32mmainSummaryMetrics[37m(); track metric.label) {
         ╵                           [32m~~~~~~~~~~~~~~~~~~[0m

  Error occurs in the template of component HomeKiosqueroPage.

    src/app/features/home-kiosquero/home-kiosquero.page.ts:16:15:
[37m      16 │   templateUrl: [32m'./home-kiosquero.page.html'[37m,
         ╵                [32m~~~~~~~~~~~~~~~~~~~~~~~~~~~~[0m


[31mX [41;31m[[41;97mERROR[41;31m][0m [1mTS2339: Property 'orderedStatusItems' does not exist on type 'HomeKiosqueroPresenter'.[0m [1m[35m[plugin angular-compiler][0m

    src/app/features/home-kiosquero/home-kiosquero.page.html:133:31:
[37m      133 │                 @if (presenter.[32morderedStatusItems[37m().length > 0) {
          ╵                                [32m~~~~~~~~~~~~~~~~~~[0m

  Error occurs in the template of component HomeKiosqueroPage.

    src/app/features/home-kiosquero/home-kiosquero.page.ts:16:15:
[37m      16 │   templateUrl: [32m'./home-kiosquero.page.html'[37m,
         ╵                [32m~~~~~~~~~~~~~~~~~~~~~~~~~~~~[0m


[31mX [41;31m[[41;97mERROR[41;31m][0m [1mTS2339: Property 'orderedStatusItems' does not exist on type 'HomeKiosqueroPresenter'.[0m [1m[35m[plugin angular-compiler][0m

    src/app/features/home-kiosquero/home-kiosquero.page.html:135:46:
[37m      135 │ ... (status of presenter.[32morderedStatusItems[37m(); track status.statu...
          ╵                          [32m~~~~~~~~~~~~~~~~~~[0m

  Error occurs in the template of component HomeKiosqueroPage.

    src/app/features/home-kiosquero/home-kiosquero.page.ts:16:15:
[37m      16 │   templateUrl: [32m'./home-kiosquero.page.html'[37m,
         ╵                [32m~~~~~~~~~~~~~~~~~~~~~~~~~~~~[0m


[31mX [41;31m[[41;97mERROR[41;31m][0m [1mTS2339: Property 'criticalProductGroups' does not exist on type 'HomeKiosqueroPresenter'.[0m [1m[35m[plugin angular-compiler][0m

    src/app/features/home-kiosquero/home-kiosquero.page.html:212:27:
[37m      212 │             @if (presenter.[32mcriticalProductGroups[37m().length > 0) {
          ╵                            [32m~~~~~~~~~~~~~~~~~~~~~[0m

  Error occurs in the template of component HomeKiosqueroPage.

    src/app/features/home-kiosquero/home-kiosquero.page.ts:16:15:
[37m      16 │   templateUrl: [32m'./home-kiosquero.page.html'[37m,
         ╵                [32m~~~~~~~~~~~~~~~~~~~~~~~~~~~~[0m


[31mX [41;31m[[41;97mERROR[41;31m][0m [1mTS2339: Property 'criticalProductGroups' does not exist on type 'HomeKiosqueroPresenter'.[0m [1m[35m[plugin angular-compiler][0m

    src/app/features/home-kiosquero/home-kiosquero.page.html:214:41:
[37m      214 │ ... (group of presenter.[32mcriticalProductGroups[37m(); track group.titl...
          ╵                         [32m~~~~~~~~~~~~~~~~~~~~~[0m

  Error occurs in the template of component HomeKiosqueroPage.

    src/app/features/home-kiosquero/home-kiosquero.page.ts:16:15:
[37m      16 │   templateUrl: [32m'./home-kiosquero.page.html'[37m,
         ╵                [32m~~~~~~~~~~~~~~~~~~~~~~~~~~~~[0m


[31mX [41;31m[[41;97mERROR[41;31m][0m [1mTS2551: Property 'rankingProductGroups' does not exist on type 'HomeKiosqueroPresenter'. Did you mean 'trackProductGroup'?[0m [1m[35m[plugin angular-compiler][0m

    src/app/features/home-kiosquero/home-kiosquero.page.html:274:39:
[37m      274 │ ... (group of presenter.[32mrankingProductGroups[37m(); track group.title) {
          ╵                         [32m~~~~~~~~~~~~~~~~~~~~[0m

  Error occurs in the template of component HomeKiosqueroPage.

    src/app/features/home-kiosquero/home-kiosquero.page.ts:16:15:
[37m      16 │   templateUrl: [32m'./home-kiosquero.page.html'[37m,
         ╵                [32m~~~~~~~~~~~~~~~~~~~~~~~~~~~~[0m


[31mX [41;31m[[41;97mERROR[41;31m][0m [1mTS2339: Property 'hasVisibleAlerts' does not exist on type 'HomeKiosqueroPresenter'.[0m [1m[35m[plugin angular-compiler][0m

    src/app/features/home-kiosquero/home-kiosquero.page.html:316:27:
[37m      316 │             @if (presenter.[32mhasVisibleAlerts[37m()) {
          ╵                            [32m~~~~~~~~~~~~~~~~[0m

  Error occurs in the template of component HomeKiosqueroPage.

    src/app/features/home-kiosquero/home-kiosquero.page.ts:16:15:
[37m      16 │   templateUrl: [32m'./home-kiosquero.page.html'[37m,
         ╵                [32m~~~~~~~~~~~~~~~~~~~~~~~~~~~~[0m


[31mX [41;31m[[41;97mERROR[41;31m][0m [1mTS2339: Property 'visibleAlertMetrics' does not exist on type 'HomeKiosqueroPresenter'.[0m [1m[35m[plugin angular-compiler][0m

    src/app/features/home-kiosquero/home-kiosquero.page.html:318:42:
[37m      318 │ ... (metric of presenter.[32mvisibleAlertMetrics[37m(); track metric.labe...
          ╵                          [32m~~~~~~~~~~~~~~~~~~~[0m

  Error occurs in the template of component HomeKiosqueroPage.

    src/app/features/home-kiosquero/home-kiosquero.page.ts:16:15:
[37m      16 │   templateUrl: [32m'./home-kiosquero.page.html'[37m,
         ╵                [32m~~~~~~~~~~~~~~~~~~~~~~~~~~~~[0m


[31mX [41;31m[[41;97mERROR[41;31m][0m [1mTS2339: Property 'visibleAlertItems' does not exist on type 'HomeKiosqueroPresenter'.[0m [1m[35m[plugin angular-compiler][0m

    src/app/features/home-kiosquero/home-kiosquero.page.html:331:29:
[37m      331 │               @if (presenter.[32mvisibleAlertItems[37m().length > 0) {
          ╵                              [32m~~~~~~~~~~~~~~~~~[0m

  Error occurs in the template of component HomeKiosqueroPage.

    src/app/features/home-kiosquero/home-kiosquero.page.ts:16:15:
[37m      16 │   templateUrl: [32m'./home-kiosquero.page.html'[37m,
         ╵                [32m~~~~~~~~~~~~~~~~~~~~~~~~~~~~[0m


[31mX [41;31m[[41;97mERROR[41;31m][0m [1mTS2339: Property 'visibleAlertItems' does not exist on type 'HomeKiosqueroPresenter'.[0m [1m[35m[plugin angular-compiler][0m

    src/app/features/home-kiosquero/home-kiosquero.page.html:333:42:
[37m      333 │ ...  @for (item of presenter.[32mvisibleAlertItems[37m(); track item.type) {
          ╵                              [32m~~~~~~~~~~~~~~~~~[0m

  Error occurs in the template of component HomeKiosqueroPage.

    src/app/features/home-kiosquero/home-kiosquero.page.ts:16:15:
[37m      16 │   templateUrl: [32m'./home-kiosquero.page.html'[37m,
         ╵                [32m~~~~~~~~~~~~~~~~~~~~~~~~~~~~[0m

[39m[22m
[1m[31m[31mX [41;31m[[41;97mERROR[41;31m][0m [1mTS2339: Property 'attentionItems' does not exist on type 'HomeKiosqueroPresenter'.[0m [1m[35m[plugin angular-compiler][0m

    src/app/features/home-kiosquero/home-kiosquero.page.html:76:36:
[37m      76 │ ...     @for (item of presenter.[32mattentionItems[37m(); track item.label) {
         ╵                                 [32m~~~~~~~~~~~~~~[0m

  Error occurs in the template of component HomeKiosqueroPage.

    src/app/features/home-kiosquero/home-kiosquero.page.ts:16:15:
[37m      16 │   templateUrl: [32m'./home-kiosquero.page.html'[37m,
         ╵                [32m~~~~~~~~~~~~~~~~~~~~~~~~~~~~[0m


[31mX [41;31m[[41;97mERROR[41;31m][0m [1mTS2551: Property 'mainSummaryMetrics' does not exist on type 'HomeKiosqueroPresenter'. Did you mean 'summaryMetrics'?[0m [1m[35m[plugin angular-compiler][0m

    src/app/features/home-kiosquero/home-kiosquero.page.html:97:36:
[37m      97 │ ...r (metric of presenter.[32mmainSummaryMetrics[37m(); track metric.label) {
         ╵                           [32m~~~~~~~~~~~~~~~~~~[0m

  Error occurs in the template of component HomeKiosqueroPage.

    src/app/features/home-kiosquero/home-kiosquero.page.ts:16:15:
[37m      16 │   templateUrl: [32m'./home-kiosquero.page.html'[37m,
         ╵                [32m~~~~~~~~~~~~~~~~~~~~~~~~~~~~[0m


[31mX [41;31m[[41;97mERROR[41;31m][0m [1mTS2339: Property 'orderedStatusItems' does not exist on type 'HomeKiosqueroPresenter'.[0m [1m[35m[plugin angular-compiler][0m

    src/app/features/home-kiosquero/home-kiosquero.page.html:133:31:
[37m      133 │                 @if (presenter.[32morderedStatusItems[37m().length > 0) {
          ╵                                [32m~~~~~~~~~~~~~~~~~~[0m

  Error occurs in the template of component HomeKiosqueroPage.

    src/app/features/home-kiosquero/home-kiosquero.page.ts:16:15:
[37m      16 │   templateUrl: [32m'./home-kiosquero.page.html'[37m,
         ╵                [32m~~~~~~~~~~~~~~~~~~~~~~~~~~~~[0m


[31mX [41;31m[[41;97mERROR[41;31m][0m [1mTS2339: Property 'orderedStatusItems' does not exist on type 'HomeKiosqueroPresenter'.[0m [1m[35m[plugin angular-compiler][0m

    src/app/features/home-kiosquero/home-kiosquero.page.html:135:46:
[37m      135 │ ... (status of presenter.[32morderedStatusItems[37m(); track status.statu...
          ╵                          [32m~~~~~~~~~~~~~~~~~~[0m

  Error occurs in the template of component HomeKiosqueroPage.

    src/app/features/home-kiosquero/home-kiosquero.page.ts:16:15:
[37m      16 │   templateUrl: [32m'./home-kiosquero.page.html'[37m,
         ╵                [32m~~~~~~~~~~~~~~~~~~~~~~~~~~~~[0m


[31mX [41;31m[[41;97mERROR[41;31m][0m [1mTS2339: Property 'criticalProductGroups' does not exist on type 'HomeKiosqueroPresenter'.[0m [1m[35m[plugin angular-compiler][0m

    src/app/features/home-kiosquero/home-kiosquero.page.html:212:27:
[37m      212 │             @if (presenter.[32mcriticalProductGroups[37m().length > 0) {
          ╵                            [32m~~~~~~~~~~~~~~~~~~~~~[0m

  Error occurs in the template of component HomeKiosqueroPage.

    src/app/features/home-kiosquero/home-kiosquero.page.ts:16:15:
[37m      16 │   templateUrl: [32m'./home-kiosquero.page.html'[37m,
         ╵                [32m~~~~~~~~~~~~~~~~~~~~~~~~~~~~[0m


[31mX [41;31m[[41;97mERROR[41;31m][0m [1mTS2339: Property 'criticalProductGroups' does not exist on type 'HomeKiosqueroPresenter'.[0m [1m[35m[plugin angular-compiler][0m

    src/app/features/home-kiosquero/home-kiosquero.page.html:214:41:
[37m      214 │ ... (group of presenter.[32mcriticalProductGroups[37m(); track group.titl...
          ╵                         [32m~~~~~~~~~~~~~~~~~~~~~[0m

  Error occurs in the template of component HomeKiosqueroPage.

    src/app/features/home-kiosquero/home-kiosquero.page.ts:16:15:
[37m      16 │   templateUrl: [32m'./home-kiosquero.page.html'[37m,
         ╵                [32m~~~~~~~~~~~~~~~~~~~~~~~~~~~~[0m


[31mX [41;31m[[41;97mERROR[41;31m][0m [1mTS2551: Property 'rankingProductGroups' does not exist on type 'HomeKiosqueroPresenter'. Did you mean 'trackProductGroup'?[0m [1m[35m[plugin angular-compiler][0m

    src/app/features/home-kiosquero/home-kiosquero.page.html:274:39:
[37m      274 │ ... (group of presenter.[32mrankingProductGroups[37m(); track group.title) {
          ╵                         [32m~~~~~~~~~~~~~~~~~~~~[0m

  Error occurs in the template of component HomeKiosqueroPage.

    src/app/features/home-kiosquero/home-kiosquero.page.ts:16:15:
[37m      16 │   templateUrl: [32m'./home-kiosquero.page.html'[37m,
         ╵                [32m~~~~~~~~~~~~~~~~~~~~~~~~~~~~[0m


[31mX [41;31m[[41;97mERROR[41;31m][0m [1mTS2339: Property 'hasVisibleAlerts' does not exist on type 'HomeKiosqueroPresenter'.[0m [1m[35m[plugin angular-compiler][0m

    src/app/features/home-kiosquero/home-kiosquero.page.html:316:27:
[37m      316 │             @if (presenter.[32mhasVisibleAlerts[37m()) {
          ╵                            [32m~~~~~~~~~~~~~~~~[0m

  Error occurs in the template of component HomeKiosqueroPage.

    src/app/features/home-kiosquero/home-kiosquero.page.ts:16:15:
[37m      16 │   templateUrl: [32m'./home-kiosquero.page.html'[37m,
         ╵                [32m~~~~~~~~~~~~~~~~~~~~~~~~~~~~[0m


[31mX [41;31m[[41;97mERROR[41;31m][0m [1mTS2339: Property 'visibleAlertMetrics' does not exist on type 'HomeKiosqueroPresenter'.[0m [1m[35m[plugin angular-compiler][0m

    src/app/features/home-kiosquero/home-kiosquero.page.html:318:42:
[37m      318 │ ... (metric of presenter.[32mvisibleAlertMetrics[37m(); track metric.labe...
          ╵                          [32m~~~~~~~~~~~~~~~~~~~[0m

  Error occurs in the template of component HomeKiosqueroPage.

    src/app/features/home-kiosquero/home-kiosquero.page.ts:16:15:
[37m      16 │   templateUrl: [32m'./home-kiosquero.page.html'[37m,
         ╵                [32m~~~~~~~~~~~~~~~~~~~~~~~~~~~~[0m


[31mX [41;31m[[41;97mERROR[41;31m][0m [1mTS2339: Property 'visibleAlertItems' does not exist on type 'HomeKiosqueroPresenter'.[0m [1m[35m[plugin angular-compiler][0m

    src/app/features/home-kiosquero/home-kiosquero.page.html:331:29:
[37m      331 │               @if (presenter.[32mvisibleAlertItems[37m().length > 0) {
          ╵                              [32m~~~~~~~~~~~~~~~~~[0m

  Error occurs in the template of component HomeKiosqueroPage.

    src/app/features/home-kiosquero/home-kiosquero.page.ts:16:15:
[37m      16 │   templateUrl: [32m'./home-kiosquero.page.html'[37m,
         ╵                [32m~~~~~~~~~~~~~~~~~~~~~~~~~~~~[0m


[31mX [41;31m[[41;97mERROR[41;31m][0m [1mTS2339: Property 'visibleAlertItems' does not exist on type 'HomeKiosqueroPresenter'.[0m [1m[35m[plugin angular-compiler][0m

    src/app/features/home-kiosquero/home-kiosquero.page.html:333:42:
[37m      333 │ ...  @for (item of presenter.[32mvisibleAlertItems[37m(); track item.type) {
          ╵                              [32m~~~~~~~~~~~~~~~~~[0m

  Error occurs in the template of component HomeKiosqueroPage.

    src/app/features/home-kiosquero/home-kiosquero.page.ts:16:15:
[37m      16 │   templateUrl: [32m'./home-kiosquero.page.html'[37m,
         ╵                [32m~~~~~~~~~~~~~~~~~~~~~~~~~~~~[0m

[39m[22m
[1m[31m[31mX [41;31m[[41;97mERROR[41;31m][0m [1mTS2339: Property 'attentionItems' does not exist on type 'HomeKiosqueroPresenter'.[0m [1m[35m[plugin angular-compiler][0m

    src/app/features/home-kiosquero/home-kiosquero.page.html:76:36:
[37m      76 │ ...     @for (item of presenter.[32mattentionItems[37m(); track item.label) {
         ╵                                 [32m~~~~~~~~~~~~~~[0m

  Error occurs in the template of component HomeKiosqueroPage.

    src/app/features/home-kiosquero/home-kiosquero.page.ts:16:15:
[37m      16 │   templateUrl: [32m'./home-kiosquero.page.html'[37m,
         ╵                [32m~~~~~~~~~~~~~~~~~~~~~~~~~~~~[0m


[31mX [41;31m[[41;97mERROR[41;31m][0m [1mTS2551: Property 'mainSummaryMetrics' does not exist on type 'HomeKiosqueroPresenter'. Did you mean 'summaryMetrics'?[0m [1m[35m[plugin angular-compiler][0m

    src/app/features/home-kiosquero/home-kiosquero.page.html:97:36:
[37m      97 │ ...r (metric of presenter.[32mmainSummaryMetrics[37m(); track metric.label) {
         ╵                           [32m~~~~~~~~~~~~~~~~~~[0m

  Error occurs in the template of component HomeKiosqueroPage.

    src/app/features/home-kiosquero/home-kiosquero.page.ts:16:15:
[37m      16 │   templateUrl: [32m'./home-kiosquero.page.html'[37m,
         ╵                [32m~~~~~~~~~~~~~~~~~~~~~~~~~~~~[0m


[31mX [41;31m[[41;97mERROR[41;31m][0m [1mTS2339: Property 'orderedStatusItems' does not exist on type 'HomeKiosqueroPresenter'.[0m [1m[35m[plugin angular-compiler][0m

    src/app/features/home-kiosquero/home-kiosquero.page.html:133:31:
[37m      133 │                 @if (presenter.[32morderedStatusItems[37m().length > 0) {
          ╵                                [32m~~~~~~~~~~~~~~~~~~[0m

  Error occurs in the template of component HomeKiosqueroPage.

    src/app/features/home-kiosquero/home-kiosquero.page.ts:16:15:
[37m      16 │   templateUrl: [32m'./home-kiosquero.page.html'[37m,
         ╵                [32m~~~~~~~~~~~~~~~~~~~~~~~~~~~~[0m


[31mX [41;31m[[41;97mERROR[41;31m][0m [1mTS2339: Property 'orderedStatusItems' does not exist on type 'HomeKiosqueroPresenter'.[0m [1m[35m[plugin angular-compiler][0m

    src/app/features/home-kiosquero/home-kiosquero.page.html:135:46:
[37m      135 │ ... (status of presenter.[32morderedStatusItems[37m(); track status.statu...
          ╵                          [32m~~~~~~~~~~~~~~~~~~[0m

  Error occurs in the template of component HomeKiosqueroPage.

    src/app/features/home-kiosquero/home-kiosquero.page.ts:16:15:
[37m      16 │   templateUrl: [32m'./home-kiosquero.page.html'[37m,
         ╵                [32m~~~~~~~~~~~~~~~~~~~~~~~~~~~~[0m


[31mX [41;31m[[41;97mERROR[41;31m][0m [1mTS2339: Property 'criticalProductGroups' does not exist on type 'HomeKiosqueroPresenter'.[0m [1m[35m[plugin angular-compiler][0m

    src/app/features/home-kiosquero/home-kiosquero.page.html:212:27:
[37m      212 │             @if (presenter.[32mcriticalProductGroups[37m().length > 0) {
          ╵                            [32m~~~~~~~~~~~~~~~~~~~~~[0m

  Error occurs in the template of component HomeKiosqueroPage.

    src/app/features/home-kiosquero/home-kiosquero.page.ts:16:15:
[37m      16 │   templateUrl: [32m'./home-kiosquero.page.html'[37m,
         ╵                [32m~~~~~~~~~~~~~~~~~~~~~~~~~~~~[0m


[31mX [41;31m[[41;97mERROR[41;31m][0m [1mTS2339: Property 'criticalProductGroups' does not exist on type 'HomeKiosqueroPresenter'.[0m [1m[35m[plugin angular-compiler][0m

    src/app/features/home-kiosquero/home-kiosquero.page.html:214:41:
[37m      214 │ ... (group of presenter.[32mcriticalProductGroups[37m(); track group.titl...
          ╵                         [32m~~~~~~~~~~~~~~~~~~~~~[0m

  Error occurs in the template of component HomeKiosqueroPage.

    src/app/features/home-kiosquero/home-kiosquero.page.ts:16:15:
[37m      16 │   templateUrl: [32m'./home-kiosquero.page.html'[37m,
         ╵                [32m~~~~~~~~~~~~~~~~~~~~~~~~~~~~[0m


[31mX [41;31m[[41;97mERROR[41;31m][0m [1mTS2551: Property 'rankingProductGroups' does not exist on type 'HomeKiosqueroPresenter'. Did you mean 'trackProductGroup'?[0m [1m[35m[plugin angular-compiler][0m

    src/app/features/home-kiosquero/home-kiosquero.page.html:274:39:
[37m      274 │ ... (group of presenter.[32mrankingProductGroups[37m(); track group.title) {
          ╵                         [32m~~~~~~~~~~~~~~~~~~~~[0m

  Error occurs in the template of component HomeKiosqueroPage.

    src/app/features/home-kiosquero/home-kiosquero.page.ts:16:15:
[37m      16 │   templateUrl: [32m'./home-kiosquero.page.html'[37m,
         ╵                [32m~~~~~~~~~~~~~~~~~~~~~~~~~~~~[0m


[31mX [41;31m[[41;97mERROR[41;31m][0m [1mTS2339: Property 'hasVisibleAlerts' does not exist on type 'HomeKiosqueroPresenter'.[0m [1m[35m[plugin angular-compiler][0m

    src/app/features/home-kiosquero/home-kiosquero.page.html:316:27:
[37m      316 │             @if (presenter.[32mhasVisibleAlerts[37m()) {
          ╵                            [32m~~~~~~~~~~~~~~~~[0m

  Error occurs in the template of component HomeKiosqueroPage.

    src/app/features/home-kiosquero/home-kiosquero.page.ts:16:15:
[37m      16 │   templateUrl: [32m'./home-kiosquero.page.html'[37m,
         ╵                [32m~~~~~~~~~~~~~~~~~~~~~~~~~~~~[0m


[31mX [41;31m[[41;97mERROR[41;31m][0m [1mTS2339: Property 'visibleAlertMetrics' does not exist on type 'HomeKiosqueroPresenter'.[0m [1m[35m[plugin angular-compiler][0m

    src/app/features/home-kiosquero/home-kiosquero.page.html:318:42:
[37m      318 │ ... (metric of presenter.[32mvisibleAlertMetrics[37m(); track metric.labe...
          ╵                          [32m~~~~~~~~~~~~~~~~~~~[0m

  Error occurs in the template of component HomeKiosqueroPage.

    src/app/features/home-kiosquero/home-kiosquero.page.ts:16:15:
[37m      16 │   templateUrl: [32m'./home-kiosquero.page.html'[37m,
         ╵                [32m~~~~~~~~~~~~~~~~~~~~~~~~~~~~[0m


[31mX [41;31m[[41;97mERROR[41;31m][0m [1mTS2339: Property 'visibleAlertItems' does not exist on type 'HomeKiosqueroPresenter'.[0m [1m[35m[plugin angular-compiler][0m

    src/app/features/home-kiosquero/home-kiosquero.page.html:331:29:
[37m      331 │               @if (presenter.[32mvisibleAlertItems[37m().length > 0) {
          ╵                              [32m~~~~~~~~~~~~~~~~~[0m

  Error occurs in the template of component HomeKiosqueroPage.

    src/app/features/home-kiosquero/home-kiosquero.page.ts:16:15:
[37m      16 │   templateUrl: [32m'./home-kiosquero.page.html'[37m,
         ╵                [32m~~~~~~~~~~~~~~~~~~~~~~~~~~~~[0m


[31mX [41;31m[[41;97mERROR[41;31m][0m [1mTS2339: Property 'visibleAlertItems' does not exist on type 'HomeKiosqueroPresenter'.[0m [1m[35m[plugin angular-compiler][0m

    src/app/features/home-kiosquero/home-kiosquero.page.html:333:42:
[37m      333 │ ...  @for (item of presenter.[32mvisibleAlertItems[37m(); track item.type) {
          ╵                              [32m~~~~~~~~~~~~~~~~~[0m

  Error occurs in the template of component HomeKiosqueroPage.

    src/app/features/home-kiosquero/home-kiosquero.page.ts:16:15:
[37m      16 │   templateUrl: [32m'./home-kiosquero.page.html'[37m,
         ╵                [32m~~~~~~~~~~~~~~~~~~~~~~~~~~~~[0m

[39m[22m
[1m[31m[31mX [41;31m[[41;97mERROR[41;31m][0m [1mTS2339: Property 'attentionItems' does not exist on type 'HomeKiosqueroPresenter'.[0m [1m[35m[plugin angular-compiler][0m

    src/app/features/home-kiosquero/home-kiosquero.page.html:76:36:
[37m      76 │ ...     @for (item of presenter.[32mattentionItems[37m(); track item.label) {
         ╵                                 [32m~~~~~~~~~~~~~~[0m

  Error occurs in the template of component HomeKiosqueroPage.

    src/app/features/home-kiosquero/home-kiosquero.page.ts:16:15:
[37m      16 │   templateUrl: [32m'./home-kiosquero.page.html'[37m,
         ╵                [32m~~~~~~~~~~~~~~~~~~~~~~~~~~~~[0m


[31mX [41;31m[[41;97mERROR[41;31m][0m [1mTS2551: Property 'mainSummaryMetrics' does not exist on type 'HomeKiosqueroPresenter'. Did you mean 'summaryMetrics'?[0m [1m[35m[plugin angular-compiler][0m

    src/app/features/home-kiosquero/home-kiosquero.page.html:97:36:
[37m      97 │ ...r (metric of presenter.[32mmainSummaryMetrics[37m(); track metric.label) {
         ╵                           [32m~~~~~~~~~~~~~~~~~~[0m

  Error occurs in the template of component HomeKiosqueroPage.

    src/app/features/home-kiosquero/home-kiosquero.page.ts:16:15:
[37m      16 │   templateUrl: [32m'./home-kiosquero.page.html'[37m,
         ╵                [32m~~~~~~~~~~~~~~~~~~~~~~~~~~~~[0m


[31mX [41;31m[[41;97mERROR[41;31m][0m [1mTS2339: Property 'orderedStatusItems' does not exist on type 'HomeKiosqueroPresenter'.[0m [1m[35m[plugin angular-compiler][0m

    src/app/features/home-kiosquero/home-kiosquero.page.html:133:31:
[37m      133 │                 @if (presenter.[32morderedStatusItems[37m().length > 0) {
          ╵                                [32m~~~~~~~~~~~~~~~~~~[0m

  Error occurs in the template of component HomeKiosqueroPage.

    src/app/features/home-kiosquero/home-kiosquero.page.ts:16:15:
[37m      16 │   templateUrl: [32m'./home-kiosquero.page.html'[37m,
         ╵                [32m~~~~~~~~~~~~~~~~~~~~~~~~~~~~[0m


[31mX [41;31m[[41;97mERROR[41;31m][0m [1mTS2339: Property 'orderedStatusItems' does not exist on type 'HomeKiosqueroPresenter'.[0m [1m[35m[plugin angular-compiler][0m

    src/app/features/home-kiosquero/home-kiosquero.page.html:135:46:
[37m      135 │ ... (status of presenter.[32morderedStatusItems[37m(); track status.statu...
          ╵                          [32m~~~~~~~~~~~~~~~~~~[0m

  Error occurs in the template of component HomeKiosqueroPage.

    src/app/features/home-kiosquero/home-kiosquero.page.ts:16:15:
[37m      16 │   templateUrl: [32m'./home-kiosquero.page.html'[37m,
         ╵                [32m~~~~~~~~~~~~~~~~~~~~~~~~~~~~[0m


[31mX [41;31m[[41;97mERROR[41;31m][0m [1mTS2339: Property 'criticalProductGroups' does not exist on type 'HomeKiosqueroPresenter'.[0m [1m[35m[plugin angular-compiler][0m

    src/app/features/home-kiosquero/home-kiosquero.page.html:212:27:
[37m      212 │             @if (presenter.[32mcriticalProductGroups[37m().length > 0) {
          ╵                            [32m~~~~~~~~~~~~~~~~~~~~~[0m

  Error occurs in the template of component HomeKiosqueroPage.

    src/app/features/home-kiosquero/home-kiosquero.page.ts:16:15:
[37m      16 │   templateUrl: [32m'./home-kiosquero.page.html'[37m,
         ╵                [32m~~~~~~~~~~~~~~~~~~~~~~~~~~~~[0m


[31mX [41;31m[[41;97mERROR[41;31m][0m [1mTS2339: Property 'criticalProductGroups' does not exist on type 'HomeKiosqueroPresenter'.[0m [1m[35m[plugin angular-compiler][0m

    src/app/features/home-kiosquero/home-kiosquero.page.html:214:41:
[37m      214 │ ... (group of presenter.[32mcriticalProductGroups[37m(); track group.titl...
          ╵                         [32m~~~~~~~~~~~~~~~~~~~~~[0m

  Error occurs in the template of component HomeKiosqueroPage.

    src/app/features/home-kiosquero/home-kiosquero.page.ts:16:15:
[37m      16 │   templateUrl: [32m'./home-kiosquero.page.html'[37m,
         ╵                [32m~~~~~~~~~~~~~~~~~~~~~~~~~~~~[0m


[31mX [41;31m[[41;97mERROR[41;31m][0m [1mTS2551: Property 'rankingProductGroups' does not exist on type 'HomeKiosqueroPresenter'. Did you mean 'trackProductGroup'?[0m [1m[35m[plugin angular-compiler][0m

    src/app/features/home-kiosquero/home-kiosquero.page.html:274:39:
[37m      274 │ ... (group of presenter.[32mrankingProductGroups[37m(); track group.title) {
          ╵                         [32m~~~~~~~~~~~~~~~~~~~~[0m

  Error occurs in the template of component HomeKiosqueroPage.

    src/app/features/home-kiosquero/home-kiosquero.page.ts:16:15:
[37m      16 │   templateUrl: [32m'./home-kiosquero.page.html'[37m,
         ╵                [32m~~~~~~~~~~~~~~~~~~~~~~~~~~~~[0m


[31mX [41;31m[[41;97mERROR[41;31m][0m [1mTS2339: Property 'hasVisibleAlerts' does not exist on type 'HomeKiosqueroPresenter'.[0m [1m[35m[plugin angular-compiler][0m

    src/app/features/home-kiosquero/home-kiosquero.page.html:316:27:
[37m      316 │             @if (presenter.[32mhasVisibleAlerts[37m()) {
          ╵                            [32m~~~~~~~~~~~~~~~~[0m

  Error occurs in the template of component HomeKiosqueroPage.

    src/app/features/home-kiosquero/home-kiosquero.page.ts:16:15:
[37m      16 │   templateUrl: [32m'./home-kiosquero.page.html'[37m,
         ╵                [32m~~~~~~~~~~~~~~~~~~~~~~~~~~~~[0m


[31mX [41;31m[[41;97mERROR[41;31m][0m [1mTS2339: Property 'visibleAlertMetrics' does not exist on type 'HomeKiosqueroPresenter'.[0m [1m[35m[plugin angular-compiler][0m

    src/app/features/home-kiosquero/home-kiosquero.page.html:318:42:
[37m      318 │ ... (metric of presenter.[32mvisibleAlertMetrics[37m(); track metric.labe...
          ╵                          [32m~~~~~~~~~~~~~~~~~~~[0m

  Error occurs in the template of component HomeKiosqueroPage.

    src/app/features/home-kiosquero/home-kiosquero.page.ts:16:15:
[37m      16 │   templateUrl: [32m'./home-kiosquero.page.html'[37m,
         ╵                [32m~~~~~~~~~~~~~~~~~~~~~~~~~~~~[0m


[31mX [41;31m[[41;97mERROR[41;31m][0m [1mTS2339: Property 'visibleAlertItems' does not exist on type 'HomeKiosqueroPresenter'.[0m [1m[35m[plugin angular-compiler][0m

    src/app/features/home-kiosquero/home-kiosquero.page.html:331:29:
[37m      331 │               @if (presenter.[32mvisibleAlertItems[37m().length > 0) {
          ╵                              [32m~~~~~~~~~~~~~~~~~[0m

  Error occurs in the template of component HomeKiosqueroPage.

    src/app/features/home-kiosquero/home-kiosquero.page.ts:16:15:
[37m      16 │   templateUrl: [32m'./home-kiosquero.page.html'[37m,
         ╵                [32m~~~~~~~~~~~~~~~~~~~~~~~~~~~~[0m


[31mX [41;31m[[41;97mERROR[41;31m][0m [1mTS2339: Property 'visibleAlertItems' does not exist on type 'HomeKiosqueroPresenter'.[0m [1m[35m[plugin angular-compiler][0m

    src/app/features/home-kiosquero/home-kiosquero.page.html:333:42:
[37m      333 │ ...  @for (item of presenter.[32mvisibleAlertItems[37m(); track item.type) {
          ╵                              [32m~~~~~~~~~~~~~~~~~[0m

  Error occurs in the template of component HomeKiosqueroPage.

    src/app/features/home-kiosquero/home-kiosquero.page.ts:16:15:
[37m      16 │   templateUrl: [32m'./home-kiosquero.page.html'[37m,
         ╵                [32m~~~~~~~~~~~~~~~~~~~~~~~~~~~~[0m

[39m[22m
[1m[31m[31mX [41;31m[[41;97mERROR[41;31m][0m [1mTS2339: Property 'getOrdersByStatusCount' does not exist on type 'HomeKiosqueroPresenter'.[0m [1m[35m[plugin angular-compiler][0m

    src/app/features/home-kiosquero/presenter/home-kiosquero.presenter.ts:246:37:
[37m      246 │ ...reparationOrders = this.[32mgetOrdersByStatusCount[37m('EN_PREPARACION');
          ╵                            [32m~~~~~~~~~~~~~~~~~~~~~~[0m

[39m[22m
[1m[31m[31mX [41;31m[[41;97mERROR[41;31m][0m [1mTS2339: Property 'getOrdersByStatusCount' does not exist on type 'HomeKiosqueroPresenter'.[0m [1m[35m[plugin angular-compiler][0m

    src/app/features/home-kiosquero/presenter/home-kiosquero.presenter.ts:246:37:
[37m      246 │ ...reparationOrders = this.[32mgetOrdersByStatusCount[37m('EN_PREPARACION');
          ╵                            [32m~~~~~~~~~~~~~~~~~~~~~~[0m


[31mX [41;31m[[41;97mERROR[41;31m][0m [1mTS2339: Property 'getLowStockProducts' does not exist on type 'HomeKiosqueroPresenter'.[0m [1m[35m[plugin angular-compiler][0m

    src/app/features/home-kiosquero/presenter/home-kiosquero.presenter.ts:382:20:
[37m      382 │         items: this.[32mgetLowStockProducts[37m(
          ╵                     [32m~~~~~~~~~~~~~~~~~~~[0m


[31mX [41;31m[[41;97mERROR[41;31m][0m [1mTS7006: Parameter 'product' implicitly has an 'any' type.[0m [1m[35m[plugin angular-compiler][0m

    src/app/features/home-kiosquero/presenter/home-kiosquero.presenter.ts:384:15:
[37m      384 │         ).map(([32mproduct[37m) => this.inventoryProductToItem(product, '...
          ╵                [32m~~~~~~~[0m


[31mX [41;31m[[41;97mERROR[41;31m][0m [1mTS2339: Property 'getLowStockProducts' does not exist on type 'HomeKiosqueroPresenter'.[0m [1m[35m[plugin angular-compiler][0m

    src/app/features/home-kiosquero/presenter/home-kiosquero.presenter.ts:406:31:
[37m      406 │     const lowStockItems = this.[32mgetLowStockProducts[37m(
          ╵                                [32m~~~~~~~~~~~~~~~~~~~[0m


[31mX [41;31m[[41;97mERROR[41;31m][0m [1mTS7006: Parameter 'product' implicitly has an 'any' type.[0m [1m[35m[plugin angular-compiler][0m

    src/app/features/home-kiosquero/presenter/home-kiosquero.presenter.ts:408:11:
[37m      408 │     ).map(([32mproduct[37m) => this.inventoryProductToItem(product, 'warn...
          ╵            [32m~~~~~~~[0m


[31mX [41;31m[[41;97mERROR[41;31m][0m [1mTS2339: Property 'getLowStockProducts' does not exist on type 'HomeKiosqueroPresenter'.[0m [1m[35m[plugin angular-compiler][0m

    src/app/features/home-kiosquero/presenter/home-kiosquero.presenter.ts:444:31:
[37m      444 │     const lowStockTotal = this.[32mgetLowStockProducts[37m(
          ╵                                [32m~~~~~~~~~~~~~~~~~~~[0m

[39m[22m
[1m[31m[31mX [41;31m[[41;97mERROR[41;31m][0m [1mTS2339: Property 'getOrdersByStatusCount' does not exist on type 'HomeKiosqueroPresenter'.[0m [1m[35m[plugin angular-compiler][0m

    src/app/features/home-kiosquero/presenter/home-kiosquero.presenter.ts:246:37:
[37m      246 │ ...reparationOrders = this.[32mgetOrdersByStatusCount[37m('EN_PREPARACION');
          ╵                            [32m~~~~~~~~~~~~~~~~~~~~~~[0m


[31mX [41;31m[[41;97mERROR[41;31m][0m [1mTS2339: Property 'getLowStockProducts' does not exist on type 'HomeKiosqueroPresenter'.[0m [1m[35m[plugin angular-compiler][0m

    src/app/features/home-kiosquero/presenter/home-kiosquero.presenter.ts:382:20:
[37m      382 │         items: this.[32mgetLowStockProducts[37m(
          ╵                     [32m~~~~~~~~~~~~~~~~~~~[0m


[31mX [41;31m[[41;97mERROR[41;31m][0m [1mTS7006: Parameter 'product' implicitly has an 'any' type.[0m [1m[35m[plugin angular-compiler][0m

    src/app/features/home-kiosquero/presenter/home-kiosquero.presenter.ts:384:15:
[37m      384 │         ).map(([32mproduct[37m) => this.inventoryProductToItem(product, '...
          ╵                [32m~~~~~~~[0m


[31mX [41;31m[[41;97mERROR[41;31m][0m [1mTS2339: Property 'getLowStockProducts' does not exist on type 'HomeKiosqueroPresenter'.[0m [1m[35m[plugin angular-compiler][0m

    src/app/features/home-kiosquero/presenter/home-kiosquero.presenter.ts:406:31:
[37m      406 │     const lowStockItems = this.[32mgetLowStockProducts[37m(
          ╵                                [32m~~~~~~~~~~~~~~~~~~~[0m


[31mX [41;31m[[41;97mERROR[41;31m][0m [1mTS7006: Parameter 'product' implicitly has an 'any' type.[0m [1m[35m[plugin angular-compiler][0m

    src/app/features/home-kiosquero/presenter/home-kiosquero.presenter.ts:408:11:
[37m      408 │     ).map(([32mproduct[37m) => this.inventoryProductToItem(product, 'warn...
          ╵            [32m~~~~~~~[0m


[31mX [41;31m[[41;97mERROR[41;31m][0m [1mTS2339: Property 'getLowStockProducts' does not exist on type 'HomeKiosqueroPresenter'.[0m [1m[35m[plugin angular-compiler][0m

    src/app/features/home-kiosquero/presenter/home-kiosquero.presenter.ts:444:31:
[37m      444 │     const lowStockTotal = this.[32mgetLowStockProducts[37m(
          ╵                                [32m~~~~~~~~~~~~~~~~~~~[0m

[39m[22m
[1m[31m[31mX [41;31m[[41;97mERROR[41;31m][0m [1mTS2339: Property 'getOrdersByStatusCount' does not exist on type 'HomeKiosqueroPresenter'.[0m [1m[35m[plugin angular-compiler][0m

    src/app/features/home-kiosquero/presenter/home-kiosquero.presenter.ts:246:37:
[37m      246 │ ...reparationOrders = this.[32mgetOrdersByStatusCount[37m('EN_PREPARACION');
          ╵                            [32m~~~~~~~~~~~~~~~~~~~~~~[0m


[31mX [41;31m[[41;97mERROR[41;31m][0m [1mTS2339: Property 'getLowStockProducts' does not exist on type 'HomeKiosqueroPresenter'.[0m [1m[35m[plugin angular-compiler][0m

    src/app/features/home-kiosquero/presenter/home-kiosquero.presenter.ts:382:20:
[37m      382 │         items: this.[32mgetLowStockProducts[37m(
          ╵                     [32m~~~~~~~~~~~~~~~~~~~[0m


[31mX [41;31m[[41;97mERROR[41;31m][0m [1mTS7006: Parameter 'product' implicitly has an 'any' type.[0m [1m[35m[plugin angular-compiler][0m

    src/app/features/home-kiosquero/presenter/home-kiosquero.presenter.ts:384:15:
[37m      384 │         ).map(([32mproduct[37m) => this.inventoryProductToItem(product, '...
          ╵                [32m~~~~~~~[0m


[31mX [41;31m[[41;97mERROR[41;31m][0m [1mTS2339: Property 'getLowStockProducts' does not exist on type 'HomeKiosqueroPresenter'.[0m [1m[35m[plugin angular-compiler][0m

    src/app/features/home-kiosquero/presenter/home-kiosquero.presenter.ts:406:31:
[37m      406 │     const lowStockItems = this.[32mgetLowStockProducts[37m(
          ╵                                [32m~~~~~~~~~~~~~~~~~~~[0m


[31mX [41;31m[[41;97mERROR[41;31m][0m [1mTS7006: Parameter 'product' implicitly has an 'any' type.[0m [1m[35m[plugin angular-compiler][0m

    src/app/features/home-kiosquero/presenter/home-kiosquero.presenter.ts:408:11:
[37m      408 │     ).map(([32mproduct[37m) => this.inventoryProductToItem(product, 'warn...
          ╵            [32m~~~~~~~[0m


[31mX [41;31m[[41;97mERROR[41;31m][0m [1mTS2339: Property 'getLowStockProducts' does not exist on type 'HomeKiosqueroPresenter'.[0m [1m[35m[plugin angular-compiler][0m

    src/app/features/home-kiosquero/presenter/home-kiosquero.presenter.ts:444:31:
[37m      444 │     const lowStockTotal = this.[32mgetLowStockProducts[37m(
          ╵                                [32m~~~~~~~~~~~~~~~~~~~[0m

[39m[22m
[1m[31m[31mX [41;31m[[41;97mERROR[41;31m][0m [1mTS2339: Property 'getOrdersByStatusCount' does not exist on type 'HomeKiosqueroPresenter'.[0m [1m[35m[plugin angular-compiler][0m

    src/app/features/home-kiosquero/presenter/home-kiosquero.presenter.ts:246:37:
[37m      246 │ ...reparationOrders = this.[32mgetOrdersByStatusCount[37m('EN_PREPARACION');
          ╵                            [32m~~~~~~~~~~~~~~~~~~~~~~[0m


[31mX [41;31m[[41;97mERROR[41;31m][0m [1mTS2339: Property 'getLowStockProducts' does not exist on type 'HomeKiosqueroPresenter'.[0m [1m[35m[plugin angular-compiler][0m

    src/app/features/home-kiosquero/presenter/home-kiosquero.presenter.ts:382:20:
[37m      382 │         items: this.[32mgetLowStockProducts[37m(
          ╵                     [32m~~~~~~~~~~~~~~~~~~~[0m


[31mX [41;31m[[41;97mERROR[41;31m][0m [1mTS7006: Parameter 'product' implicitly has an 'any' type.[0m [1m[35m[plugin angular-compiler][0m

    src/app/features/home-kiosquero/presenter/home-kiosquero.presenter.ts:384:15:
[37m      384 │         ).map(([32mproduct[37m) => this.inventoryProductToItem(product, '...
          ╵                [32m~~~~~~~[0m


[31mX [41;31m[[41;97mERROR[41;31m][0m [1mTS2339: Property 'getLowStockProducts' does not exist on type 'HomeKiosqueroPresenter'.[0m [1m[35m[plugin angular-compiler][0m

    src/app/features/home-kiosquero/presenter/home-kiosquero.presenter.ts:406:31:
[37m      406 │     const lowStockItems = this.[32mgetLowStockProducts[37m(
          ╵                                [32m~~~~~~~~~~~~~~~~~~~[0m


[31mX [41;31m[[41;97mERROR[41;31m][0m [1mTS7006: Parameter 'product' implicitly has an 'any' type.[0m [1m[35m[plugin angular-compiler][0m

    src/app/features/home-kiosquero/presenter/home-kiosquero.presenter.ts:408:11:
[37m      408 │     ).map(([32mproduct[37m) => this.inventoryProductToItem(product, 'warn...
          ╵            [32m~~~~~~~[0m


[31mX [41;31m[[41;97mERROR[41;31m][0m [1mTS2339: Property 'getLowStockProducts' does not exist on type 'HomeKiosqueroPresenter'.[0m [1m[35m[plugin angular-compiler][0m

    src/app/features/home-kiosquero/presenter/home-kiosquero.presenter.ts:444:31:
[37m      444 │     const lowStockTotal = this.[32mgetLowStockProducts[37m(
          ╵                                [32m~~~~~~~~~~~~~~~~~~~[0m

[39m[22m
[1m[31m[31mX [41;31m[[41;97mERROR[41;31m][0m [1mTS2339: Property 'getOrdersByStatusCount' does not exist on type 'HomeKiosqueroPresenter'.[0m [1m[35m[plugin angular-compiler][0m

    src/app/features/home-kiosquero/presenter/home-kiosquero.presenter.ts:246:37:
[37m      246 │ ...reparationOrders = this.[32mgetOrdersByStatusCount[37m('EN_PREPARACION');
          ╵                            [32m~~~~~~~~~~~~~~~~~~~~~~[0m


[31mX [41;31m[[41;97mERROR[41;31m][0m [1mTS2339: Property 'getLowStockProducts' does not exist on type 'HomeKiosqueroPresenter'.[0m [1m[35m[plugin angular-compiler][0m

    src/app/features/home-kiosquero/presenter/home-kiosquero.presenter.ts:382:20:
[37m      382 │         items: this.[32mgetLowStockProducts[37m(
          ╵                     [32m~~~~~~~~~~~~~~~~~~~[0m


[31mX [41;31m[[41;97mERROR[41;31m][0m [1mTS7006: Parameter 'product' implicitly has an 'any' type.[0m [1m[35m[plugin angular-compiler][0m

    src/app/features/home-kiosquero/presenter/home-kiosquero.presenter.ts:384:15:
[37m      384 │         ).map(([32mproduct[37m) => this.inventoryProductToItem(product, '...
          ╵                [32m~~~~~~~[0m


[31mX [41;31m[[41;97mERROR[41;31m][0m [1mTS2339: Property 'getLowStockProducts' does not exist on type 'HomeKiosqueroPresenter'.[0m [1m[35m[plugin angular-compiler][0m

    src/app/features/home-kiosquero/presenter/home-kiosquero.presenter.ts:406:31:
[37m      406 │     const lowStockItems = this.[32mgetLowStockProducts[37m(
          ╵                                [32m~~~~~~~~~~~~~~~~~~~[0m


[31mX [41;31m[[41;97mERROR[41;31m][0m [1mTS7006: Parameter 'product' implicitly has an 'any' type.[0m [1m[35m[plugin angular-compiler][0m

    src/app/features/home-kiosquero/presenter/home-kiosquero.presenter.ts:408:11:
[37m      408 │     ).map(([32mproduct[37m) => this.inventoryProductToItem(product, 'warn...
          ╵            [32m~~~~~~~[0m


[31mX [41;31m[[41;97mERROR[41;31m][0m [1mTS2339: Property 'getLowStockProducts' does not exist on type 'HomeKiosqueroPresenter'.[0m [1m[35m[plugin angular-compiler][0m

    src/app/features/home-kiosquero/presenter/home-kiosquero.presenter.ts:444:31:
[37m      444 │     const lowStockTotal = this.[32mgetLowStockProducts[37m(
          ╵                                [32m~~~~~~~~~~~~~~~~~~~[0m

[39m[22m
[1m[31m[31mX [41;31m[[41;97mERROR[41;31m][0m [1mTS2339: Property 'getOrdersByStatusCount' does not exist on type 'HomeKiosqueroPresenter'.[0m [1m[35m[plugin angular-compiler][0m

    src/app/features/home-kiosquero/presenter/home-kiosquero.presenter.ts:246:37:
[37m      246 │ ...reparationOrders = this.[32mgetOrdersByStatusCount[37m('EN_PREPARACION');
          ╵                            [32m~~~~~~~~~~~~~~~~~~~~~~[0m


[31mX [41;31m[[41;97mERROR[41;31m][0m [1mTS2339: Property 'getLowStockProducts' does not exist on type 'HomeKiosqueroPresenter'.[0m [1m[35m[plugin angular-compiler][0m

    src/app/features/home-kiosquero/presenter/home-kiosquero.presenter.ts:382:20:
[37m      382 │         items: this.[32mgetLowStockProducts[37m(
          ╵                     [32m~~~~~~~~~~~~~~~~~~~[0m


[31mX [41;31m[[41;97mERROR[41;31m][0m [1mTS7006: Parameter 'product' implicitly has an 'any' type.[0m [1m[35m[plugin angular-compiler][0m

    src/app/features/home-kiosquero/presenter/home-kiosquero.presenter.ts:384:15:
[37m      384 │         ).map(([32mproduct[37m) => this.inventoryProductToItem(product, '...
          ╵                [32m~~~~~~~[0m


[31mX [41;31m[[41;97mERROR[41;31m][0m [1mTS2339: Property 'getLowStockProducts' does not exist on type 'HomeKiosqueroPresenter'.[0m [1m[35m[plugin angular-compiler][0m

    src/app/features/home-kiosquero/presenter/home-kiosquero.presenter.ts:406:31:
[37m      406 │     const lowStockItems = this.[32mgetLowStockProducts[37m(
          ╵                                [32m~~~~~~~~~~~~~~~~~~~[0m


[31mX [41;31m[[41;97mERROR[41;31m][0m [1mTS7006: Parameter 'product' implicitly has an 'any' type.[0m [1m[35m[plugin angular-compiler][0m

    src/app/features/home-kiosquero/presenter/home-kiosquero.presenter.ts:408:11:
[37m      408 │     ).map(([32mproduct[37m) => this.inventoryProductToItem(product, 'warn...
          ╵            [32m~~~~~~~[0m


[31mX [41;31m[[41;97mERROR[41;31m][0m [1mTS2339: Property 'getLowStockProducts' does not exist on type 'HomeKiosqueroPresenter'.[0m [1m[35m[plugin angular-compiler][0m

    src/app/features/home-kiosquero/presenter/home-kiosquero.presenter.ts:444:31:
[37m      444 │     const lowStockTotal = this.[32mgetLowStockProducts[37m(
          ╵                                [32m~~~~~~~~~~~~~~~~~~~[0m

[39m[22m
[1m[31m[31mX [41;31m[[41;97mERROR[41;31m][0m [1mTS2339: Property 'getOrdersByStatusCount' does not exist on type 'HomeKiosqueroPresenter'.[0m [1m[35m[plugin angular-compiler][0m

    src/app/features/home-kiosquero/presenter/home-kiosquero.presenter.ts:246:37:
[37m      246 │ ...reparationOrders = this.[32mgetOrdersByStatusCount[37m('EN_PREPARACION');
          ╵                            [32m~~~~~~~~~~~~~~~~~~~~~~[0m


[31mX [41;31m[[41;97mERROR[41;31m][0m [1mTS2339: Property 'getLowStockProducts' does not exist on type 'HomeKiosqueroPresenter'.[0m [1m[35m[plugin angular-compiler][0m

    src/app/features/home-kiosquero/presenter/home-kiosquero.presenter.ts:382:20:
[37m      382 │         items: this.[32mgetLowStockProducts[37m(
          ╵                     [32m~~~~~~~~~~~~~~~~~~~[0m


[31mX [41;31m[[41;97mERROR[41;31m][0m [1mTS7006: Parameter 'product' implicitly has an 'any' type.[0m [1m[35m[plugin angular-compiler][0m

    src/app/features/home-kiosquero/presenter/home-kiosquero.presenter.ts:384:15:
[37m      384 │         ).map(([32mproduct[37m) => this.inventoryProductToItem(product, '...
          ╵                [32m~~~~~~~[0m


[31mX [41;31m[[41;97mERROR[41;31m][0m [1mTS2339: Property 'getLowStockProducts' does not exist on type 'HomeKiosqueroPresenter'.[0m [1m[35m[plugin angular-compiler][0m

    src/app/features/home-kiosquero/presenter/home-kiosquero.presenter.ts:406:31:
[37m      406 │     const lowStockItems = this.[32mgetLowStockProducts[37m(
          ╵                                [32m~~~~~~~~~~~~~~~~~~~[0m


[31mX [41;31m[[41;97mERROR[41;31m][0m [1mTS7006: Parameter 'product' implicitly has an 'any' type.[0m [1m[35m[plugin angular-compiler][0m

    src/app/features/home-kiosquero/presenter/home-kiosquero.presenter.ts:408:11:
[37m      408 │     ).map(([32mproduct[37m) => this.inventoryProductToItem(product, 'warn...
          ╵            [32m~~~~~~~[0m


[31mX [41;31m[[41;97mERROR[41;31m][0m [1mTS2339: Property 'getLowStockProducts' does not exist on type 'HomeKiosqueroPresenter'.[0m [1m[35m[plugin angular-compiler][0m

    src/app/features/home-kiosquero/presenter/home-kiosquero.presenter.ts:444:31:
[37m      444 │     const lowStockTotal = this.[32mgetLowStockProducts[37m(
          ╵                                [32m~~~~~~~~~~~~~~~~~~~[0m

[39m[22m
[1m[31m[31mX [41;31m[[41;97mERROR[41;31m][0m [1mNG2008: Could not find template file './kiosquero-reportes.page.html'.[0m [1m[35m[plugin angular-compiler][0m

    src/app/features/home-kiosquero/kiosquero-reportes.page.ts:15:15:
[37m      15 │   templateUrl: [32m'./kiosquero-reportes.page.html'[37m,
         ╵                [32m~~~~~~~~~~~~~~~~~~~~~~~~~~~~~~~~[0m

[39m[22m
[1m[31m[31mX [41;31m[[41;97mERROR[41;31m][0m [1mNG2008: Could not find template file './kiosquero-reportes.page.html'.[0m [1m[35m[plugin angular-compiler][0m

    src/app/features/home-kiosquero/kiosquero-reportes.page.ts:15:15:
[37m      15 │   templateUrl: [32m'./kiosquero-reportes.page.html'[37m,
         ╵                [32m~~~~~~~~~~~~~~~~~~~~~~~~~~~~~~~~[0m

[39m[22m
[1m[31m[31mX [41;31m[[41;97mERROR[41;31m][0m [1mNG2008: Could not find template file './kiosquero-reportes.page.html'.[0m [1m[35m[plugin angular-compiler][0m

    src/app/features/home-kiosquero/kiosquero-reportes.page.ts:15:15:
[37m      15 │   templateUrl: [32m'./kiosquero-reportes.page.html'[37m,
         ╵                [32m~~~~~~~~~~~~~~~~~~~~~~~~~~~~~~~~[0m

[39m[22m
[1m[31m[31mX [41;31m[[41;97mERROR[41;31m][0m [1mTS2551: Property 'configureInventoryManagementForm' does not exist on type 'UpdatedInventoryPageComponent'. Did you mean 'inventoryManagementForm'?[0m [1m[35m[plugin angular-compiler][0m

    src/app/features/updated-inventory/updated-inventory-page/updated-inventory-page.component.ts:364:9:
[37m      364 │     this.[32mconfigureInventoryManagementForm[37m(product);
          ╵          [32m~~~~~~~~~~~~~~~~~~~~~~~~~~~~~~~~[0m

  'inventoryManagementForm' is declared here.

    src/app/features/updated-inventory/updated-inventory-page/updated-inventory-page.component.ts:161:11:
[37m      161 │   readonly [32minventoryManagementForm[37m = this.fb.group({
          ╵            [32m~~~~~~~~~~~~~~~~~~~~~~~[0m


[31mX [41;31m[[41;97mERROR[41;31m][0m [1mTS2339: Property 'updateInventoryManagementValidators' does not exist on type 'UpdatedInventoryPageComponent'.[0m [1m[35m[plugin angular-compiler][0m

    src/app/features/updated-inventory/updated-inventory-page/updated-inventory-page.component.ts:380:9:
[37m      380 │     this.[32mupdateInventoryManagementValidators[37m();
          ╵          [32m~~~~~~~~~~~~~~~~~~~~~~~~~~~~~~~~~~~[0m


[31mX [41;31m[[41;97mERROR[41;31m][0m [1mTS2339: Property 'setDefaultInventoryManagementMotivo' does not exist on type 'UpdatedInventoryPageComponent'.[0m [1m[35m[plugin angular-compiler][0m

    src/app/features/updated-inventory/updated-inventory-page/updated-inventory-page.component.ts:381:9:
[37m      381 │     this.[32msetDefaultInventoryManagementMotivo[37m();
          ╵          [32m~~~~~~~~~~~~~~~~~~~~~~~~~~~~~~~~~~~[0m


[31mX [41;31m[[41;97mERROR[41;31m][0m [1mTS2339: Property 'updateInventoryManagementValidators' does not exist on type 'UpdatedInventoryPageComponent'.[0m [1m[35m[plugin angular-compiler][0m

    src/app/features/updated-inventory/updated-inventory-page/updated-inventory-page.component.ts:422:9:
[37m      422 │     this.[32mupdateInventoryManagementValidators[37m();
          ╵          [32m~~~~~~~~~~~~~~~~~~~~~~~~~~~~~~~~~~~[0m


[31mX [41;31m[[41;97mERROR[41;31m][0m [1mTS2339: Property 'buildInventoryStockPayload' does not exist on type 'UpdatedInventoryPageComponent'.[0m [1m[35m[plugin angular-compiler][0m

    src/app/features/updated-inventory/updated-inventory-page/updated-inventory-page.component.ts:429:25:
[37m      429 │     const payload = this.[32mbuildInventoryStockPayload[37m(
          ╵                          [32m~~~~~~~~~~~~~~~~~~~~~~~~~~[0m

[39m[22m
[1m[31m[31mX [41;31m[[41;97mERROR[41;31m][0m [1mTS2339: Property 'setDefaultInventoryManagementMotivo' does not exist on type 'UpdatedInventoryPageComponent'.[0m [1m[35m[plugin angular-compiler][0m

    src/app/features/updated-inventory/updated-inventory-page/updated-inventory-page.component.ts:381:9:
[37m      381 │     this.[32msetDefaultInventoryManagementMotivo[37m();
          ╵          [32m~~~~~~~~~~~~~~~~~~~~~~~~~~~~~~~~~~~[0m


[31mX [41;31m[[41;97mERROR[41;31m][0m [1mTS2551: Property 'getDefaultInventoryManagementMotivo' does not exist on type 'UpdatedInventoryPageComponent'. Did you mean 'getInventoryManagementMode'?[0m [1m[35m[plugin angular-compiler][0m

    src/app/features/updated-inventory/updated-inventory-page/updated-inventory-page.component.ts:579:19:
[37m      579 │       motivo: this.[32mgetDefaultInventoryManagementMotivo[37m(
          ╵                    [32m~~~~~~~~~~~~~~~~~~~~~~~~~~~~~~~~~~~[0m

  'getInventoryManagementMode' is declared here.

    src/app/features/updated-inventory/updated-inventory-page/updated-inventory-page.component.ts:507:2:
[37m      507 │   [32mgetInventoryManagementMode[37m(): TipoManejoInventario {
          ╵   [32m~~~~~~~~~~~~~~~~~~~~~~~~~~[0m


[31mX [41;31m[[41;97mERROR[41;31m][0m [1mTS2339: Property 'hasStoredNumber' does not exist on type 'UpdatedInventoryPageComponent'.[0m [1m[35m[plugin angular-compiler][0m

    src/app/features/updated-inventory/updated-inventory-page/updated-inventory-page.component.ts:598:43:
[37m      598 │ ...=== 'STOCK_EXACTO' && !this.[32mhasStoredNumber[37m(product?.stockActual)
          ╵                                [32m~~~~~~~~~~~~~~~[0m


[31mX [41;31m[[41;97mERROR[41;31m][0m [1mTS2339: Property 'hasStoredNumber' does not exist on type 'UpdatedInventoryPageComponent'.[0m [1m[35m[plugin angular-compiler][0m

    src/app/features/updated-inventory/updated-inventory-page/updated-inventory-page.component.ts:604:43:
[37m      604 │ ...=== 'STOCK_EXACTO' && !this.[32mhasStoredNumber[37m(product?.stockMinimo)
          ╵                                [32m~~~~~~~~~~~~~~~[0m


[31mX [41;31m[[41;97mERROR[41;31m][0m [1mTS2339: Property 'hasStoredNumber' does not exist on type 'UpdatedInventoryPageComponent'.[0m [1m[35m[plugin angular-compiler][0m

    src/app/features/updated-inventory/updated-inventory-page/updated-inventory-page.component.ts:611:12:
[37m      611 │       !this.[32mhasStoredNumber[37m(product?.cupoMaximoDiario)
          ╵             [32m~~~~~~~~~~~~~~~[0m


[31mX [41;31m[[41;97mERROR[41;31m][0m [1mTS2551: Property 'getDefaultInventoryManagementMotivo' does not exist on type 'UpdatedInventoryPageComponent'. Did you mean 'getInventoryManagementMode'?[0m [1m[35m[plugin angular-compiler][0m

    src/app/features/updated-inventory/updated-inventory-page/updated-inventory-page.component.ts:657:13:
[37m      657 │         this.[32mgetDefaultInventoryManagementMotivo[37m(mode, disponible),
          ╵              [32m~~~~~~~~~~~~~~~~~~~~~~~~~~~~~~~~~~~[0m

  'getInventoryManagementMode' is declared here.

    src/app/features/updated-inventory/updated-inventory-page/updated-inventory-page.component.ts:507:2:
[37m      507 │   [32mgetInventoryManagementMode[37m(): TipoManejoInventario {
          ╵   [32m~~~~~~~~~~~~~~~~~~~~~~~~~~[0m


[31mX [41;31m[[41;97mERROR[41;31m][0m [1mTS2339: Property 'toOptionalNumber' does not exist on type 'UpdatedInventoryPageComponent'.[0m [1m[35m[plugin angular-compiler][0m

    src/app/features/updated-inventory/updated-inventory-page/updated-inventory-page.component.ts:669:31:
[37m      669 │ ... const stockActual = this.[32mtoOptionalNumber[37m(rawValue.stockActual);
          ╵                              [32m~~~~~~~~~~~~~~~~[0m


[31mX [41;31m[[41;97mERROR[41;31m][0m [1mTS2339: Property 'toOptionalNumber' does not exist on type 'UpdatedInventoryPageComponent'.[0m [1m[35m[plugin angular-compiler][0m

    src/app/features/updated-inventory/updated-inventory-page/updated-inventory-page.component.ts:670:31:
[37m      670 │ ... const stockMinimo = this.[32mtoOptionalNumber[37m(rawValue.stockMinimo);
          ╵                              [32m~~~~~~~~~~~~~~~~[0m


[31mX [41;31m[[41;97mERROR[41;31m][0m [1mTS2339: Property 'toOptionalNumber' does not exist on type 'UpdatedInventoryPageComponent'.[0m [1m[35m[plugin angular-compiler][0m

    src/app/features/updated-inventory/updated-inventory-page/updated-inventory-page.component.ts:685:36:
[37m      685 │       const cupoMaximoDiario = this.[32mtoOptionalNumber[37m(
          ╵                                     [32m~~~~~~~~~~~~~~~~[0m


[31mX [41;31m[[41;97mERROR[41;31m][0m [1mTS2339: Property 'toOptionalNumber' does not exist on type 'UpdatedInventoryPageComponent'.[0m [1m[35m[plugin angular-compiler][0m

    src/app/features/updated-inventory/updated-inventory-page/updated-inventory-page.component.ts:706:11:
[37m      706 │       this.[32mtoOptionalNumber[37m(
          ╵            [32m~~~~~~~~~~~~~~~~[0m


[31mX [41;31m[[41;97mERROR[41;31m][0m [1mTS2339: Property 'toOptionalNumber' does not exist on type 'UpdatedInventoryPageComponent'.[0m [1m[35m[plugin angular-compiler][0m

    src/app/features/updated-inventory/updated-inventory-page/updated-inventory-page.component.ts:710:11:
[37m      710 │       this.[32mtoOptionalNumber[37m(
          ╵            [32m~~~~~~~~~~~~~~~~[0m


[31mX [41;31m[[41;97mERROR[41;31m][0m [1mTS2339: Property 'toOptionalNumber' does not exist on type 'UpdatedInventoryPageComponent'.[0m [1m[35m[plugin angular-compiler][0m

    src/app/features/updated-inventory/updated-inventory-page/updated-inventory-page.component.ts:735:11:
[37m      735 │       this.[32mtoOptionalNumber[37m(
          ╵            [32m~~~~~~~~~~~~~~~~[0m

[39m[22m
[1m[31m[31mX [41;31m[[41;97mERROR[41;31m][0m [1mTS2339: Property 'icon' does not exist on type 'InventoryModeOption'.[0m [1m[35m[plugin angular-compiler][0m

    src/app/features/updated-inventory/updated-inventory-page/updated-inventory-page.component.html:288:47:
[37m      288 │                     <i class="fa-solid {{ mode.[32micon[37m }}"></i>
          ╵                                                [32m~~~~[0m

  Error occurs in the template of component UpdatedInventoryPageComponent.

    src/app/features/updated-inventory/updated-inventory-page/updated-inventory-page.component.ts:91:15:
[37m      91 │   templateUrl: [32m'./updated-inventory-page.component.html'[37m,
         ╵                [32m~~~~~~~~~~~~~~~~~~~~~~~~~~~~~~~~~~~~~~~~~[0m


[31mX [41;31m[[41;97mERROR[41;31m][0m [1mTS2339: Property 'description' does not exist on type 'InventoryModeOption'.[0m [1m[35m[plugin angular-compiler][0m

    src/app/features/updated-inventory/updated-inventory-page/updated-inventory-page.component.html:292:35:
[37m      292 │                     <small>{{ mode.[32mdescription[37m }}</small>
          ╵                                    [32m~~~~~~~~~~~[0m

  Error occurs in the template of component UpdatedInventoryPageComponent.

    src/app/features/updated-inventory/updated-inventory-page/updated-inventory-page.component.ts:91:15:
[37m      91 │   templateUrl: [32m'./updated-inventory-page.component.html'[37m,
         ╵                [32m~~~~~~~~~~~~~~~~~~~~~~~~~~~~~~~~~~~~~~~~~[0m

[39m[22m
[1m[31m[31mX [41;31m[[41;97mERROR[41;31m][0m [1mTS2339: Property 'getActions' does not exist on type 'ProductTableComponent'.[0m [1m[35m[plugin angular-compiler][0m

    src/app/features/updated-inventory/components/product-table/product-table.component.html:114:30:
[37m      114 │ ...          @for (action of [32mgetActions[37m(product); track action.ac...
          ╵                              [32m~~~~~~~~~~[0m

  Error occurs in the template of component ProductTableComponent.

    src/app/features/updated-inventory/components/product-table/product-table.component.ts:19:15:
[37m      19 │   templateUrl: [32m'./product-table.component.html'[37m,
         ╵                [32m~~~~~~~~~~~~~~~~~~~~~~~~~~~~~~~~[0m


[31mX [41;31m[[41;97mERROR[41;31m][0m [1mTS2339: Property 'emitAction' does not exist on type 'ProductTableComponent'.[0m [1m[35m[plugin angular-compiler][0m

    src/app/features/updated-inventory/components/product-table/product-table.component.html:122:27:
[37m      122 │                   (click)="[32memitAction[37m(product, action.action)"
          ╵                            [32m~~~~~~~~~~[0m

  Error occurs in the template of component ProductTableComponent.

    src/app/features/updated-inventory/components/product-table/product-table.component.ts:19:15:
[37m      19 │   templateUrl: [32m'./product-table.component.html'[37m,
         ╵                [32m~~~~~~~~~~~~~~~~~~~~~~~~~~~~~~~~[0m


[31mX [41;31m[[41;97mERROR[41;31m][0m [1mTS2305: Module '"../components/product-table/product-table.component"' has no exported member 'QuickStockActionSelection'.[0m [1m[35m[plugin angular-compiler][0m

    src/app/features/updated-inventory/updated-inventory-page/updated-inventory-page.component.ts:12:32:
[37m      12 │ ...uctTableComponent, [32mQuickStockActionSelection[37m } from '../compone...
         ╵                       [32m~~~~~~~~~~~~~~~~~~~~~~~~~[0m

[39m[22m
[1m[31m[31mX [41;31m[[41;97mERROR[41;31m][0m [1mTS2305: Module '"../components/product-table/product-table.component"' has no exported member 'QuickStockActionSelection'.[0m [1m[35m[plugin angular-compiler][0m

    src/app/features/updated-inventory/updated-inventory-page/updated-inventory-page.component.ts:12:32:
[37m      12 │ ...uctTableComponent, [32mQuickStockActionSelection[37m } from '../compone...
         ╵                       [32m~~~~~~~~~~~~~~~~~~~~~~~~~[0m

[39m[22m
[1m[31m[31mX [41;31m[[41;97mERROR[41;31m][0m [1mTS2304: Cannot find name 'QuickActionTarget'.[0m [1m[35m[plugin angular-compiler][0m

    src/app/features/updated-inventory/updated-inventory-page/updated-inventory-page.component.ts:109:21:
[37m      109 │   quickActionTarget: [32mQuickActionTarget[37m | null = null;
          ╵                      [32m~~~~~~~~~~~~~~~~~[0m


[31mX [41;31m[[41;97mERROR[41;31m][0m [1mTS2304: Cannot find name 'QuickStockActionSelection'.[0m [1m[35m[plugin angular-compiler][0m

    src/app/features/updated-inventory/updated-inventory-page/updated-inventory-page.component.ts:329:29:
[37m      329 │   openQuickAction(selection: [32mQuickStockActionSelection[37m): void {
          ╵                              [32m~~~~~~~~~~~~~~~~~~~~~~~~~[0m


[31mX [41;31m[[41;97mERROR[41;31m][0m [1mTS2304: Cannot find name 'QuickStockAction'.[0m [1m[35m[plugin angular-compiler][0m

    src/app/features/updated-inventory/updated-inventory-page/updated-inventory-page.component.ts:435:27:
[37m      435 │   requiresQuantity(action: [32mQuickStockAction[37m): boolean {
          ╵                            [32m~~~~~~~~~~~~~~~~[0m


[31mX [41;31m[[41;97mERROR[41;31m][0m [1mTS2304: Cannot find name 'QuickStockAction'.[0m [1m[35m[plugin angular-compiler][0m

    src/app/features/updated-inventory/updated-inventory-page/updated-inventory-page.component.ts:444:27:
[37m      444 │   isSetStockAction(action: [32mQuickStockAction[37m): boolean {
          ╵                            [32m~~~~~~~~~~~~~~~~[0m


[31mX [41;31m[[41;97mERROR[41;31m][0m [1mTS2304: Cannot find name 'QuickStockAction'.[0m [1m[35m[plugin angular-compiler][0m

    src/app/features/updated-inventory/updated-inventory-page/updated-inventory-page.component.ts:448:30:
[37m      448 │   getQuickActionTitle(action: [32mQuickStockAction[37m): string {
          ╵                               [32m~~~~~~~~~~~~~~~~[0m


[31mX [41;31m[[41;97mERROR[41;31m][0m [1mTS2304: Cannot find name 'QuickStockAction'.[0m [1m[35m[plugin angular-compiler][0m

    src/app/features/updated-inventory/updated-inventory-page/updated-inventory-page.component.ts:449:25:
[37m      449 │     const labels: Record<[32mQuickStockAction[37m, string> = {
          ╵                          [32m~~~~~~~~~~~~~~~~[0m


[31mX [41;31m[[41;97mERROR[41;31m][0m [1mTS2304: Cannot find name 'QuickStockAction'.[0m [1m[35m[plugin angular-compiler][0m

    src/app/features/updated-inventory/updated-inventory-page/updated-inventory-page.component.ts:462:27:
[37m      462 │   getQuantityLabel(action: [32mQuickStockAction[37m): string {
          ╵                            [32m~~~~~~~~~~~~~~~~[0m


[31mX [41;31m[[41;97mERROR[41;31m][0m [1mTS2304: Cannot find name 'QuickStockAction'.[0m [1m[35m[plugin angular-compiler][0m

    src/app/features/updated-inventory/updated-inventory-page/updated-inventory-page.component.ts:526:12:
[37m      526 │     action: [32mQuickStockAction[37m,
          ╵             [32m~~~~~~~~~~~~~~~~[0m


[31mX [41;31m[[41;97mERROR[41;31m][0m [1mTS2304: Cannot find name 'QuickStockAction'.[0m [1m[35m[plugin angular-compiler][0m

    src/app/features/updated-inventory/updated-inventory-page/updated-inventory-page.component.ts:602:42:
[37m      602 │ ...kActionPayload(action: [32mQuickStockAction[37m): QuickStockActionRequ...
          ╵                           [32m~~~~~~~~~~~~~~~~[0m


[31mX [41;31m[[41;97mERROR[41;31m][0m [1mTS2304: Cannot find name 'QuickStockActionRequest'.[0m [1m[35m[plugin angular-compiler][0m

    src/app/features/updated-inventory/updated-inventory-page/updated-inventory-page.component.ts:602:61:
[37m      602 │ ...ctionPayload(action: QuickStockAction): [32mQuickStockActionRequest[37m {
          ╵                                            [32m~~~~~~~~~~~~~~~~~~~~~~~[0m


[31mX [41;31m[[41;97mERROR[41;31m][0m [1mTS2304: Cannot find name 'QuickStockActionRequest'.[0m [1m[35m[plugin angular-compiler][0m

    src/app/features/updated-inventory/updated-inventory-page/updated-inventory-page.component.ts:604:19:
[37m      604 │     const payload: [32mQuickStockActionRequest[37m = { action };
          ╵                    [32m~~~~~~~~~~~~~~~~~~~~~~~[0m


[31mX [41;31m[[41;97mERROR[41;31m][0m [1mTS2304: Cannot find name 'QuickStockAction'.[0m [1m[35m[plugin angular-compiler][0m

    src/app/features/updated-inventory/updated-inventory-page/updated-inventory-page.component.ts:727:46:
[37m      727 │ ...QuickActionMotivo(action: [32mQuickStockAction[37m): string | undefined {
          ╵                              [32m~~~~~~~~~~~~~~~~[0m


[31mX [41;31m[[41;97mERROR[41;31m][0m [1mTS2304: Cannot find name 'QUICK_ACTION_DEFAULT_MOTIVOS'.[0m [1m[35m[plugin angular-compiler][0m

    src/app/features/updated-inventory/updated-inventory-page/updated-inventory-page.component.ts:728:11:
[37m      728 │     return [32mQUICK_ACTION_DEFAULT_MOTIVOS[37m[action];
          ╵            [32m~~~~~~~~~~~~~~~~~~~~~~~~~~~~[0m

[39m[22m
[1m[31m[31mX [41;31m[[41;97mERROR[41;31m][0m [1mTS2339: Property 'quickActionTarget' does not exist on type 'UpdatedInventoryPageComponent'.[0m [1m[35m[plugin angular-compiler][0m

    src/app/features/updated-inventory/updated-inventory-page/updated-inventory-page.component.html:121:9:
[37m      121 │     @if ([32mquickActionTarget[37m; as target) {
          ╵          [32m~~~~~~~~~~~~~~~~~[0m

  Error occurs in the template of component UpdatedInventoryPageComponent.

    src/app/features/updated-inventory/updated-inventory-page/updated-inventory-page.component.ts:80:15:
[37m      80 │   templateUrl: [32m'./updated-inventory-page.component.html'[37m,
         ╵                [32m~~~~~~~~~~~~~~~~~~~~~~~~~~~~~~~~~~~~~~~~~[0m


[31mX [41;31m[[41;97mERROR[41;31m][0m [1mTS2339: Property 'quickActionTarget' does not exist on type 'UpdatedInventoryPageComponent'.[0m [1m[35m[plugin angular-compiler][0m

    src/app/features/updated-inventory/updated-inventory-page/updated-inventory-page.component.html:121:9:
[37m      121 │     @if ([32mquickActionTarget[37m; as target) {
          ╵          [32m~~~~~~~~~~~~~~~~~[0m

  Error occurs in the template of component UpdatedInventoryPageComponent.

    src/app/features/updated-inventory/updated-inventory-page/updated-inventory-page.component.ts:80:15:
[37m      80 │   templateUrl: [32m'./updated-inventory-page.component.html'[37m,
         ╵                [32m~~~~~~~~~~~~~~~~~~~~~~~~~~~~~~~~~~~~~~~~~[0m


[31mX [41;31m[[41;97mERROR[41;31m][0m [1mTS2339: Property 'quickActionForm' does not exist on type 'UpdatedInventoryPageComponent'.[0m [1m[35m[plugin angular-compiler][0m

    src/app/features/updated-inventory/updated-inventory-page/updated-inventory-page.component.html:132:23:
[37m      132 │           [formGroup]="[32mquickActionForm[37m"
          ╵                        [32m~~~~~~~~~~~~~~~[0m

  Error occurs in the template of component UpdatedInventoryPageComponent.

    src/app/features/updated-inventory/updated-inventory-page/updated-inventory-page.component.ts:80:15:
[37m      80 │   templateUrl: [32m'./updated-inventory-page.component.html'[37m,
         ╵                [32m~~~~~~~~~~~~~~~~~~~~~~~~~~~~~~~~~~~~~~~~~[0m


[31mX [41;31m[[41;97mERROR[41;31m][0m [1mTS2304: Cannot find name 'QuickStockActionSelection'.[0m [1m[35m[plugin angular-compiler][0m

    src/app/features/updated-inventory/updated-inventory-page/updated-inventory-page.component.ts:322:29:
[37m      322 │   openQuickAction(selection: [32mQuickStockActionSelection[37m): void {
          ╵                              [32m~~~~~~~~~~~~~~~~~~~~~~~~~[0m


[31mX [41;31m[[41;97mERROR[41;31m][0m [1mTS2339: Property 'quickActionTarget' does not exist on type 'UpdatedInventoryPageComponent'.[0m [1m[35m[plugin angular-compiler][0m

    src/app/features/updated-inventory/updated-inventory-page/updated-inventory-page.component.ts:323:9:
[37m      323 │     this.[32mquickActionTarget[37m = selection;
          ╵          [32m~~~~~~~~~~~~~~~~~[0m


[31mX [41;31m[[41;97mERROR[41;31m][0m [1mTS2339: Property 'quickActionTarget' does not exist on type 'UpdatedInventoryPageComponent'.[0m [1m[35m[plugin angular-compiler][0m

    src/app/features/updated-inventory/updated-inventory-page/updated-inventory-page.component.ts:328:9:
[37m      328 │     this.[32mquickActionTarget[37m = null;
          ╵          [32m~~~~~~~~~~~~~~~~~[0m


[31mX [41;31m[[41;97mERROR[41;31m][0m [1mTS2339: Property 'quickActionForm' does not exist on type 'UpdatedInventoryPageComponent'.[0m [1m[35m[plugin angular-compiler][0m

    src/app/features/updated-inventory/updated-inventory-page/updated-inventory-page.component.ts:329:9:
[37m      329 │     this.[32mquickActionForm[37m.reset({
          ╵          [32m~~~~~~~~~~~~~~~[0m


[31mX [41;31m[[41;97mERROR[41;31m][0m [1mTS2339: Property 'quickActionTarget' does not exist on type 'UpdatedInventoryPageComponent'.[0m [1m[35m[plugin angular-compiler][0m

    src/app/features/updated-inventory/updated-inventory-page/updated-inventory-page.component.ts:359:14:
[37m      359 │     if (!this.[32mquickActionTarget[37m || !this.buffetId) {
          ╵               [32m~~~~~~~~~~~~~~~~~[0m


[31mX [41;31m[[41;97mERROR[41;31m][0m [1mTS2339: Property 'quickActionForm' does not exist on type 'UpdatedInventoryPageComponent'.[0m [1m[35m[plugin angular-compiler][0m

    src/app/features/updated-inventory/updated-inventory-page/updated-inventory-page.component.ts:363:13:
[37m      363 │     if (this.[32mquickActionForm[37m.invalid) {
          ╵              [32m~~~~~~~~~~~~~~~[0m


[31mX [41;31m[[41;97mERROR[41;31m][0m [1mTS2339: Property 'quickActionForm' does not exist on type 'UpdatedInventoryPageComponent'.[0m [1m[35m[plugin angular-compiler][0m

    src/app/features/updated-inventory/updated-inventory-page/updated-inventory-page.component.ts:364:11:
[37m      364 │       this.[32mquickActionForm[37m.markAllAsTouched();
          ╵            [32m~~~~~~~~~~~~~~~[0m


[31mX [41;31m[[41;97mERROR[41;31m][0m [1mTS2339: Property 'quickActionTarget' does not exist on type 'UpdatedInventoryPageComponent'.[0m [1m[35m[plugin angular-compiler][0m

    src/app/features/updated-inventory/updated-inventory-page/updated-inventory-page.component.ts:368:54:
[37m      368 │ ...ad = this.buildQuickActionPayload(this.[32mquickActionTarget[37m.action);
          ╵                                           [32m~~~~~~~~~~~~~~~~~[0m


[31mX [41;31m[[41;97mERROR[41;31m][0m [1mTS2339: Property 'quickActionTarget' does not exist on type 'UpdatedInventoryPageComponent'.[0m [1m[35m[plugin angular-compiler][0m

    src/app/features/updated-inventory/updated-inventory-page/updated-inventory-page.component.ts:374:13:
[37m      374 │         this.[32mquickActionTarget[37m.product.productId,
          ╵              [32m~~~~~~~~~~~~~~~~~[0m


[31mX [41;31m[[41;97mERROR[41;31m][0m [1mTS2304: Cannot find name 'QuickStockAction'.[0m [1m[35m[plugin angular-compiler][0m

    src/app/features/updated-inventory/updated-inventory-page/updated-inventory-page.component.ts:428:27:
[37m      428 │   requiresQuantity(action: [32mQuickStockAction[37m): boolean {
          ╵                            [32m~~~~~~~~~~~~~~~~[0m


[31mX [41;31m[[41;97mERROR[41;31m][0m [1mTS2304: Cannot find name 'QuickStockAction'.[0m [1m[35m[plugin angular-compiler][0m

    src/app/features/updated-inventory/updated-inventory-page/updated-inventory-page.component.ts:437:27:
[37m      437 │   isSetStockAction(action: [32mQuickStockAction[37m): boolean {
          ╵                            [32m~~~~~~~~~~~~~~~~[0m


[31mX [41;31m[[41;97mERROR[41;31m][0m [1mTS2304: Cannot find name 'QuickStockAction'.[0m [1m[35m[plugin angular-compiler][0m

    src/app/features/updated-inventory/updated-inventory-page/updated-inventory-page.component.ts:441:30:
[37m      441 │   getQuickActionTitle(action: [32mQuickStockAction[37m): string {
          ╵                               [32m~~~~~~~~~~~~~~~~[0m


[31mX [41;31m[[41;97mERROR[41;31m][0m [1mTS2304: Cannot find name 'QuickStockAction'.[0m [1m[35m[plugin angular-compiler][0m

    src/app/features/updated-inventory/updated-inventory-page/updated-inventory-page.component.ts:442:25:
[37m      442 │     const labels: Record<[32mQuickStockAction[37m, string> = {
          ╵                          [32m~~~~~~~~~~~~~~~~[0m


[31mX [41;31m[[41;97mERROR[41;31m][0m [1mTS2304: Cannot find name 'QuickStockAction'.[0m [1m[35m[plugin angular-compiler][0m

    src/app/features/updated-inventory/updated-inventory-page/updated-inventory-page.component.ts:455:27:
[37m      455 │   getQuantityLabel(action: [32mQuickStockAction[37m): string {
          ╵                            [32m~~~~~~~~~~~~~~~~[0m


[31mX [41;31m[[41;97mERROR[41;31m][0m [1mTS2339: Property 'quickActionForm' does not exist on type 'UpdatedInventoryPageComponent'.[0m [1m[35m[plugin angular-compiler][0m

    src/app/features/updated-inventory/updated-inventory-page/updated-inventory-page.component.ts:472:25:
[37m      472 │     const control = this.[32mquickActionForm[37m.get(field);
          ╵                          [32m~~~~~~~~~~~~~~~[0m


[31mX [41;31m[[41;97mERROR[41;31m][0m [1mTS2304: Cannot find name 'QuickStockAction'.[0m [1m[35m[plugin angular-compiler][0m

    src/app/features/updated-inventory/updated-inventory-page/updated-inventory-page.component.ts:519:12:
[37m      519 │     action: [32mQuickStockAction[37m,
          ╵             [32m~~~~~~~~~~~~~~~~[0m


[31mX [41;31m[[41;97mERROR[41;31m][0m [1mTS2339: Property 'quickActionForm' does not exist on type 'UpdatedInventoryPageComponent'.[0m [1m[35m[plugin angular-compiler][0m

    src/app/features/updated-inventory/updated-inventory-page/updated-inventory-page.component.ts:522:33:
[37m      522 │     const quantityControl = this.[32mquickActionForm[37m.get('quantity');
          ╵                                  [32m~~~~~~~~~~~~~~~[0m


[31mX [41;31m[[41;97mERROR[41;31m][0m [1mTS2339: Property 'quickActionForm' does not exist on type 'UpdatedInventoryPageComponent'.[0m [1m[35m[plugin angular-compiler][0m

    src/app/features/updated-inventory/updated-inventory-page/updated-inventory-page.component.ts:538:9:
[37m      538 │     this.[32mquickActionForm[37m.reset({
          ╵          [32m~~~~~~~~~~~~~~~[0m


[31mX [41;31m[[41;97mERROR[41;31m][0m [1mTS2304: Cannot find name 'QuickStockAction'.[0m [1m[35m[plugin angular-compiler][0m

    src/app/features/updated-inventory/updated-inventory-page/updated-inventory-page.component.ts:595:42:
[37m      595 │ ...kActionPayload(action: [32mQuickStockAction[37m): QuickStockActionRequ...
          ╵                           [32m~~~~~~~~~~~~~~~~[0m


[31mX [41;31m[[41;97mERROR[41;31m][0m [1mTS2304: Cannot find name 'QuickStockActionRequest'.[0m [1m[35m[plugin angular-compiler][0m

    src/app/features/updated-inventory/updated-inventory-page/updated-inventory-page.component.ts:595:61:
[37m      595 │ ...ctionPayload(action: QuickStockAction): [32mQuickStockActionRequest[37m {
          ╵                                            [32m~~~~~~~~~~~~~~~~~~~~~~~[0m


[31mX [41;31m[[41;97mERROR[41;31m][0m [1mTS2339: Property 'quickActionForm' does not exist on type 'UpdatedInventoryPageComponent'.[0m [1m[35m[plugin angular-compiler][0m

    src/app/features/updated-inventory/updated-inventory-page/updated-inventory-page.component.ts:596:26:
[37m      596 │     const rawValue = this.[32mquickActionForm[37m.getRawValue();
          ╵                           [32m~~~~~~~~~~~~~~~[0m


[31mX [41;31m[[41;97mERROR[41;31m][0m [1mTS2304: Cannot find name 'QuickStockActionRequest'.[0m [1m[35m[plugin angular-compiler][0m

    src/app/features/updated-inventory/updated-inventory-page/updated-inventory-page.component.ts:597:19:
[37m      597 │     const payload: [32mQuickStockActionRequest[37m = { action };
          ╵                    [32m~~~~~~~~~~~~~~~~~~~~~~~[0m


[31mX [41;31m[[41;97mERROR[41;31m][0m [1mTS2304: Cannot find name 'QuickStockAction'.[0m [1m[35m[plugin angular-compiler][0m

    src/app/features/updated-inventory/updated-inventory-page/updated-inventory-page.component.ts:720:46:
[37m      720 │ ...QuickActionMotivo(action: [32mQuickStockAction[37m): string | undefined {
          ╵                              [32m~~~~~~~~~~~~~~~~[0m


[31mX [41;31m[[41;97mERROR[41;31m][0m [1mTS2304: Cannot find name 'QUICK_ACTION_DEFAULT_MOTIVOS'.[0m [1m[35m[plugin angular-compiler][0m

    src/app/features/updated-inventory/updated-inventory-page/updated-inventory-page.component.ts:721:11:
[37m      721 │     return [32mQUICK_ACTION_DEFAULT_MOTIVOS[37m[action];
          ╵            [32m~~~~~~~~~~~~~~~~~~~~~~~~~~~~[0m

[39m[22m
[1m[31m[31mX [41;31m[[41;97mERROR[41;31m][0m [1mTS2339: Property 'openQuickAction' does not exist on type 'UpdatedInventoryPageComponent'.[0m [1m[35m[plugin angular-compiler][0m

    src/app/features/updated-inventory/updated-inventory-page/updated-inventory-page.component.html:107:21:
[37m      107 │       (quickAction)="[32mopenQuickAction[37m($event)"
          ╵                      [32m~~~~~~~~~~~~~~~[0m

  Error occurs in the template of component UpdatedInventoryPageComponent.

    src/app/features/updated-inventory/updated-inventory-page/updated-inventory-page.component.ts:80:15:
[37m      80 │   templateUrl: [32m'./updated-inventory-page.component.html'[37m,
         ╵                [32m~~~~~~~~~~~~~~~~~~~~~~~~~~~~~~~~~~~~~~~~~[0m


[31mX [41;31m[[41;97mERROR[41;31m][0m [1mTS2339: Property 'quickActionTarget' does not exist on type 'UpdatedInventoryPageComponent'.[0m [1m[35m[plugin angular-compiler][0m

    src/app/features/updated-inventory/updated-inventory-page/updated-inventory-page.component.html:121:9:
[37m      121 │     @if ([32mquickActionTarget[37m; as target) {
          ╵          [32m~~~~~~~~~~~~~~~~~[0m

  Error occurs in the template of component UpdatedInventoryPageComponent.

    src/app/features/updated-inventory/updated-inventory-page/updated-inventory-page.component.ts:80:15:
[37m      80 │   templateUrl: [32m'./updated-inventory-page.component.html'[37m,
         ╵                [32m~~~~~~~~~~~~~~~~~~~~~~~~~~~~~~~~~~~~~~~~~[0m


[31mX [41;31m[[41;97mERROR[41;31m][0m [1mTS2339: Property 'quickActionTarget' does not exist on type 'UpdatedInventoryPageComponent'.[0m [1m[35m[plugin angular-compiler][0m

    src/app/features/updated-inventory/updated-inventory-page/updated-inventory-page.component.html:121:9:
[37m      121 │     @if ([32mquickActionTarget[37m; as target) {
          ╵          [32m~~~~~~~~~~~~~~~~~[0m

  Error occurs in the template of component UpdatedInventoryPageComponent.

    src/app/features/updated-inventory/updated-inventory-page/updated-inventory-page.component.ts:80:15:
[37m      80 │   templateUrl: [32m'./updated-inventory-page.component.html'[37m,
         ╵                [32m~~~~~~~~~~~~~~~~~~~~~~~~~~~~~~~~~~~~~~~~~[0m


[31mX [41;31m[[41;97mERROR[41;31m][0m [1mTS2339: Property 'closeQuickAction' does not exist on type 'UpdatedInventoryPageComponent'.[0m [1m[35m[plugin angular-compiler][0m

    src/app/features/updated-inventory/updated-inventory-page/updated-inventory-page.component.html:126:17:
[37m      126 │         (click)="[32mcloseQuickAction[37m()"
          ╵                  [32m~~~~~~~~~~~~~~~~[0m

  Error occurs in the template of component UpdatedInventoryPageComponent.

    src/app/features/updated-inventory/updated-inventory-page/updated-inventory-page.component.ts:80:15:
[37m      80 │   templateUrl: [32m'./updated-inventory-page.component.html'[37m,
         ╵                [32m~~~~~~~~~~~~~~~~~~~~~~~~~~~~~~~~~~~~~~~~~[0m


[31mX [41;31m[[41;97mERROR[41;31m][0m [1mTS2339: Property 'closeQuickAction' does not exist on type 'UpdatedInventoryPageComponent'.[0m [1m[35m[plugin angular-compiler][0m

    src/app/features/updated-inventory/updated-inventory-page/updated-inventory-page.component.html:127:25:
[37m      127 │         (keydown.enter)="[32mcloseQuickAction[37m()"
          ╵                          [32m~~~~~~~~~~~~~~~~[0m

  Error occurs in the template of component UpdatedInventoryPageComponent.

    src/app/features/updated-inventory/updated-inventory-page/updated-inventory-page.component.ts:80:15:
[37m      80 │   templateUrl: [32m'./updated-inventory-page.component.html'[37m,
         ╵                [32m~~~~~~~~~~~~~~~~~~~~~~~~~~~~~~~~~~~~~~~~~[0m


[31mX [41;31m[[41;97mERROR[41;31m][0m [1mTS2339: Property 'closeQuickAction' does not exist on type 'UpdatedInventoryPageComponent'.[0m [1m[35m[plugin angular-compiler][0m

    src/app/features/updated-inventory/updated-inventory-page/updated-inventory-page.component.html:128:25:
[37m      128 │         (keydown.space)="[32mcloseQuickAction[37m()"
          ╵                          [32m~~~~~~~~~~~~~~~~[0m

  Error occurs in the template of component UpdatedInventoryPageComponent.

    src/app/features/updated-inventory/updated-inventory-page/updated-inventory-page.component.ts:80:15:
[37m      80 │   templateUrl: [32m'./updated-inventory-page.component.html'[37m,
         ╵                [32m~~~~~~~~~~~~~~~~~~~~~~~~~~~~~~~~~~~~~~~~~[0m


[31mX [41;31m[[41;97mERROR[41;31m][0m [1mTS2339: Property 'quickActionForm' does not exist on type 'UpdatedInventoryPageComponent'.[0m [1m[35m[plugin angular-compiler][0m

    src/app/features/updated-inventory/updated-inventory-page/updated-inventory-page.component.html:132:23:
[37m      132 │           [formGroup]="[32mquickActionForm[37m"
          ╵                        [32m~~~~~~~~~~~~~~~[0m

  Error occurs in the template of component UpdatedInventoryPageComponent.

    src/app/features/updated-inventory/updated-inventory-page/updated-inventory-page.component.ts:80:15:
[37m      80 │   templateUrl: [32m'./updated-inventory-page.component.html'[37m,
         ╵                [32m~~~~~~~~~~~~~~~~~~~~~~~~~~~~~~~~~~~~~~~~~[0m


[31mX [41;31m[[41;97mERROR[41;31m][0m [1mTS2339: Property 'submitQuickAction' does not exist on type 'UpdatedInventoryPageComponent'.[0m [1m[35m[plugin angular-compiler][0m

    src/app/features/updated-inventory/updated-inventory-page/updated-inventory-page.component.html:134:22:
[37m      134 │           (ngSubmit)="[32msubmitQuickAction[37m()"
          ╵                       [32m~~~~~~~~~~~~~~~~~[0m

  Error occurs in the template of component UpdatedInventoryPageComponent.

    src/app/features/updated-inventory/updated-inventory-page/updated-inventory-page.component.ts:80:15:
[37m      80 │   templateUrl: [32m'./updated-inventory-page.component.html'[37m,
         ╵                [32m~~~~~~~~~~~~~~~~~~~~~~~~~~~~~~~~~~~~~~~~~[0m


[31mX [41;31m[[41;97mERROR[41;31m][0m [1mTS2339: Property 'getQuickActionTitle' does not exist on type 'UpdatedInventoryPageComponent'.[0m [1m[35m[plugin angular-compiler][0m

    src/app/features/updated-inventory/updated-inventory-page/updated-inventory-page.component.html:144:56:
[37m      144 │ ...tion-modal__titulo">{{ [32mgetQuickActionTitle[37m(target.action) }}</h3>
          ╵                           [32m~~~~~~~~~~~~~~~~~~~[0m

  Error occurs in the template of component UpdatedInventoryPageComponent.

    src/app/features/updated-inventory/updated-inventory-page/updated-inventory-page.component.ts:80:15:
[37m      80 │   templateUrl: [32m'./updated-inventory-page.component.html'[37m,
         ╵                [32m~~~~~~~~~~~~~~~~~~~~~~~~~~~~~~~~~~~~~~~~~[0m


[31mX [41;31m[[41;97mERROR[41;31m][0m [1mTS2339: Property 'closeQuickAction' does not exist on type 'UpdatedInventoryPageComponent'.[0m [1m[35m[plugin angular-compiler][0m

    src/app/features/updated-inventory/updated-inventory-page/updated-inventory-page.component.html:150:23:
[37m      150 │               (click)="[32mcloseQuickAction[37m()"
          ╵                        [32m~~~~~~~~~~~~~~~~[0m

  Error occurs in the template of component UpdatedInventoryPageComponent.

    src/app/features/updated-inventory/updated-inventory-page/updated-inventory-page.component.ts:80:15:
[37m      80 │   templateUrl: [32m'./updated-inventory-page.component.html'[37m,
         ╵                [32m~~~~~~~~~~~~~~~~~~~~~~~~~~~~~~~~~~~~~~~~~[0m


[31mX [41;31m[[41;97mERROR[41;31m][0m [1mTS2339: Property 'requiresQuantity' does not exist on type 'UpdatedInventoryPageComponent'.[0m [1m[35m[plugin angular-compiler][0m

    src/app/features/updated-inventory/updated-inventory-page/updated-inventory-page.component.html:158:17:
[37m      158 │             @if ([32mrequiresQuantity[37m(target.action)) {
          ╵                  [32m~~~~~~~~~~~~~~~~[0m

  Error occurs in the template of component UpdatedInventoryPageComponent.

    src/app/features/updated-inventory/updated-inventory-page/updated-inventory-page.component.ts:80:15:
[37m      80 │   templateUrl: [32m'./updated-inventory-page.component.html'[37m,
         ╵                [32m~~~~~~~~~~~~~~~~~~~~~~~~~~~~~~~~~~~~~~~~~[0m


[31mX [41;31m[[41;97mERROR[41;31m][0m [1mTS2339: Property 'hasQuickActionError' does not exist on type 'UpdatedInventoryPageComponent'.[0m [1m[35m[plugin angular-compiler][0m

    src/app/features/updated-inventory/updated-inventory-page/updated-inventory-page.component.html:161:58:
[37m      161 │ ...ick-action-modal__group--error]="[32mhasQuickActionError[37m('quantity')"
          ╵                                     [32m~~~~~~~~~~~~~~~~~~~[0m

  Error occurs in the template of component UpdatedInventoryPageComponent.

    src/app/features/updated-inventory/updated-inventory-page/updated-inventory-page.component.ts:80:15:
[37m      80 │   templateUrl: [32m'./updated-inventory-page.component.html'[37m,
         ╵                [32m~~~~~~~~~~~~~~~~~~~~~~~~~~~~~~~~~~~~~~~~~[0m


[31mX [41;31m[[41;97mERROR[41;31m][0m [1mTS2339: Property 'getQuantityLabel' does not exist on type 'UpdatedInventoryPageComponent'.[0m [1m[35m[plugin angular-compiler][0m

    src/app/features/updated-inventory/updated-inventory-page/updated-inventory-page.component.html:164:21:
[37m      164 │                   {{ [32mgetQuantityLabel[37m(target.action) }}
          ╵                      [32m~~~~~~~~~~~~~~~~[0m

  Error occurs in the template of component UpdatedInventoryPageComponent.

    src/app/features/updated-inventory/updated-inventory-page/updated-inventory-page.component.ts:80:15:
[37m      80 │   templateUrl: [32m'./updated-inventory-page.component.html'[37m,
         ╵                [32m~~~~~~~~~~~~~~~~~~~~~~~~~~~~~~~~~~~~~~~~~[0m


[31mX [41;31m[[41;97mERROR[41;31m][0m [1mTS2339: Property 'hasQuickActionError' does not exist on type 'UpdatedInventoryPageComponent'.[0m [1m[35m[plugin angular-compiler][0m

    src/app/features/updated-inventory/updated-inventory-page/updated-inventory-page.component.html:174:21:
[37m      174 │                 @if ([32mhasQuickActionError[37m('quantity')) {
          ╵                      [32m~~~~~~~~~~~~~~~~~~~[0m

  Error occurs in the template of component UpdatedInventoryPageComponent.

    src/app/features/updated-inventory/updated-inventory-page/updated-inventory-page.component.ts:80:15:
[37m      80 │   templateUrl: [32m'./updated-inventory-page.component.html'[37m,
         ╵                [32m~~~~~~~~~~~~~~~~~~~~~~~~~~~~~~~~~~~~~~~~~[0m


[31mX [41;31m[[41;97mERROR[41;31m][0m [1mTS2339: Property 'isSetStockAction' does not exist on type 'UpdatedInventoryPageComponent'.[0m [1m[35m[plugin angular-compiler][0m

    src/app/features/updated-inventory/updated-inventory-page/updated-inventory-page.component.html:180:17:
[37m      180 │             @if ([32misSetStockAction[37m(target.action)) {
          ╵                  [32m~~~~~~~~~~~~~~~~[0m

  Error occurs in the template of component UpdatedInventoryPageComponent.

    src/app/features/updated-inventory/updated-inventory-page/updated-inventory-page.component.ts:80:15:
[37m      80 │   templateUrl: [32m'./updated-inventory-page.component.html'[37m,
         ╵                [32m~~~~~~~~~~~~~~~~~~~~~~~~~~~~~~~~~~~~~~~~~[0m


[31mX [41;31m[[41;97mERROR[41;31m][0m [1mTS2339: Property 'hasQuickActionError' does not exist on type 'UpdatedInventoryPageComponent'.[0m [1m[35m[plugin angular-compiler][0m

    src/app/features/updated-inventory/updated-inventory-page/updated-inventory-page.component.html:183:58:
[37m      183 │ ...-action-modal__group--error]="[32mhasQuickActionError[37m('stockMinimo')"
          ╵                                  [32m~~~~~~~~~~~~~~~~~~~[0m

  Error occurs in the template of component UpdatedInventoryPageComponent.

    src/app/features/updated-inventory/updated-inventory-page/updated-inventory-page.component.ts:80:15:
[37m      80 │   templateUrl: [32m'./updated-inventory-page.component.html'[37m,
         ╵                [32m~~~~~~~~~~~~~~~~~~~~~~~~~~~~~~~~~~~~~~~~~[0m


[31mX [41;31m[[41;97mERROR[41;31m][0m [1mTS2339: Property 'hasQuickActionError' does not exist on type 'UpdatedInventoryPageComponent'.[0m [1m[35m[plugin angular-compiler][0m

    src/app/features/updated-inventory/updated-inventory-page/updated-inventory-page.component.html:196:21:
[37m      196 │                 @if ([32mhasQuickActionError[37m('stockMinimo')) {
          ╵                      [32m~~~~~~~~~~~~~~~~~~~[0m

  Error occurs in the template of component UpdatedInventoryPageComponent.

    src/app/features/updated-inventory/updated-inventory-page/updated-inventory-page.component.ts:80:15:
[37m      80 │   templateUrl: [32m'./updated-inventory-page.component.html'[37m,
         ╵                [32m~~~~~~~~~~~~~~~~~~~~~~~~~~~~~~~~~~~~~~~~~[0m


[31mX [41;31m[[41;97mERROR[41;31m][0m [1mTS2339: Property 'closeQuickAction' does not exist on type 'UpdatedInventoryPageComponent'.[0m [1m[35m[plugin angular-compiler][0m

    src/app/features/updated-inventory/updated-inventory-page/updated-inventory-page.component.html:217:23:
[37m      217 │               (click)="[32mcloseQuickAction[37m()"
          ╵                        [32m~~~~~~~~~~~~~~~~[0m

  Error occurs in the template of component UpdatedInventoryPageComponent.

    src/app/features/updated-inventory/updated-inventory-page/updated-inventory-page.component.ts:80:15:
[37m      80 │   templateUrl: [32m'./updated-inventory-page.component.html'[37m,
         ╵                [32m~~~~~~~~~~~~~~~~~~~~~~~~~~~~~~~~~~~~~~~~~[0m


[31mX [41;31m[[41;97mERROR[41;31m][0m [1mTS2304: Cannot find name 'QuickStockAction'.[0m [1m[35m[plugin angular-compiler][0m

    src/app/features/updated-inventory/updated-inventory-page/updated-inventory-page.component.ts:424:12:
[37m      424 │     action: [32mQuickStockAction[37m,
          ╵             [32m~~~~~~~~~~~~~~~~[0m


[31mX [41;31m[[41;97mERROR[41;31m][0m [1mTS2339: Property 'quickActionForm' does not exist on type 'UpdatedInventoryPageComponent'.[0m [1m[35m[plugin angular-compiler][0m

    src/app/features/updated-inventory/updated-inventory-page/updated-inventory-page.component.ts:427:33:
[37m      427 │     const quantityControl = this.[32mquickActionForm[37m.get('quantity');
          ╵                                  [32m~~~~~~~~~~~~~~~[0m


[31mX [41;31m[[41;97mERROR[41;31m][0m [1mTS2339: Property 'requiresQuantity' does not exist on type 'UpdatedInventoryPageComponent'.[0m [1m[35m[plugin angular-compiler][0m

    src/app/features/updated-inventory/updated-inventory-page/updated-inventory-page.component.ts:430:13:
[37m      430 │     if (this.[32mrequiresQuantity[37m(action)) {
          ╵              [32m~~~~~~~~~~~~~~~~[0m


[31mX [41;31m[[41;97mERROR[41;31m][0m [1mTS2339: Property 'quickActionForm' does not exist on type 'UpdatedInventoryPageComponent'.[0m [1m[35m[plugin angular-compiler][0m

    src/app/features/updated-inventory/updated-inventory-page/updated-inventory-page.component.ts:443:9:
[37m      443 │     this.[32mquickActionForm[37m.reset({
          ╵          [32m~~~~~~~~~~~~~~~[0m


[31mX [41;31m[[41;97mERROR[41;31m][0m [1mTS2304: Cannot find name 'QuickStockAction'.[0m [1m[35m[plugin angular-compiler][0m

    src/app/features/updated-inventory/updated-inventory-page/updated-inventory-page.component.ts:500:42:
[37m      500 │ ...kActionPayload(action: [32mQuickStockAction[37m): QuickStockActionRequ...
          ╵                           [32m~~~~~~~~~~~~~~~~[0m


[31mX [41;31m[[41;97mERROR[41;31m][0m [1mTS2304: Cannot find name 'QuickStockActionRequest'.[0m [1m[35m[plugin angular-compiler][0m

    src/app/features/updated-inventory/updated-inventory-page/updated-inventory-page.component.ts:500:61:
[37m      500 │ ...ctionPayload(action: QuickStockAction): [32mQuickStockActionRequest[37m {
          ╵                                            [32m~~~~~~~~~~~~~~~~~~~~~~~[0m


[31mX [41;31m[[41;97mERROR[41;31m][0m [1mTS2339: Property 'quickActionForm' does not exist on type 'UpdatedInventoryPageComponent'.[0m [1m[35m[plugin angular-compiler][0m

    src/app/features/updated-inventory/updated-inventory-page/updated-inventory-page.component.ts:501:26:
[37m      501 │     const rawValue = this.[32mquickActionForm[37m.getRawValue();
          ╵                           [32m~~~~~~~~~~~~~~~[0m


[31mX [41;31m[[41;97mERROR[41;31m][0m [1mTS2304: Cannot find name 'QuickStockActionRequest'.[0m [1m[35m[plugin angular-compiler][0m

    src/app/features/updated-inventory/updated-inventory-page/updated-inventory-page.component.ts:502:19:
[37m      502 │     const payload: [32mQuickStockActionRequest[37m = { action };
          ╵                    [32m~~~~~~~~~~~~~~~~~~~~~~~[0m


[31mX [41;31m[[41;97mERROR[41;31m][0m [1mTS2339: Property 'requiresQuantity' does not exist on type 'UpdatedInventoryPageComponent'.[0m [1m[35m[plugin angular-compiler][0m

    src/app/features/updated-inventory/updated-inventory-page/updated-inventory-page.component.ts:504:13:
[37m      504 │     if (this.[32mrequiresQuantity[37m(action) && rawValue.quantity !== nu...
          ╵              [32m~~~~~~~~~~~~~~~~[0m


[31mX [41;31m[[41;97mERROR[41;31m][0m [1mTS2304: Cannot find name 'QuickStockAction'.[0m [1m[35m[plugin angular-compiler][0m

    src/app/features/updated-inventory/updated-inventory-page/updated-inventory-page.component.ts:625:46:
[37m      625 │ ...QuickActionMotivo(action: [32mQuickStockAction[37m): string | undefined {
          ╵                              [32m~~~~~~~~~~~~~~~~[0m


[31mX [41;31m[[41;97mERROR[41;31m][0m [1mTS2304: Cannot find name 'QUICK_ACTION_DEFAULT_MOTIVOS'.[0m [1m[35m[plugin angular-compiler][0m

    src/app/features/updated-inventory/updated-inventory-page/updated-inventory-page.component.ts:626:11:
[37m      626 │     return [32mQUICK_ACTION_DEFAULT_MOTIVOS[37m[action];
          ╵            [32m~~~~~~~~~~~~~~~~~~~~~~~~~~~~[0m

[39m[22m
[1m[31m[31mX [41;31m[[41;97mERROR[41;31m][0m [1mTS2339: Property 'openQuickAction' does not exist on type 'UpdatedInventoryPageComponent'.[0m [1m[35m[plugin angular-compiler][0m

    src/app/features/updated-inventory/updated-inventory-page/updated-inventory-page.component.html:107:21:
[37m      107 │       (quickAction)="[32mopenQuickAction[37m($event)"
          ╵                      [32m~~~~~~~~~~~~~~~[0m

  Error occurs in the template of component UpdatedInventoryPageComponent.

    src/app/features/updated-inventory/updated-inventory-page/updated-inventory-page.component.ts:82:15:
[37m      82 │   templateUrl: [32m'./updated-inventory-page.component.html'[37m,
         ╵                [32m~~~~~~~~~~~~~~~~~~~~~~~~~~~~~~~~~~~~~~~~~[0m


[31mX [41;31m[[41;97mERROR[41;31m][0m [1mTS2339: Property 'quickActionTarget' does not exist on type 'UpdatedInventoryPageComponent'.[0m [1m[35m[plugin angular-compiler][0m

    src/app/features/updated-inventory/updated-inventory-page/updated-inventory-page.component.html:121:9:
[37m      121 │     @if ([32mquickActionTarget[37m; as target) {
          ╵          [32m~~~~~~~~~~~~~~~~~[0m

  Error occurs in the template of component UpdatedInventoryPageComponent.

    src/app/features/updated-inventory/updated-inventory-page/updated-inventory-page.component.ts:82:15:
[37m      82 │   templateUrl: [32m'./updated-inventory-page.component.html'[37m,
         ╵                [32m~~~~~~~~~~~~~~~~~~~~~~~~~~~~~~~~~~~~~~~~~[0m


[31mX [41;31m[[41;97mERROR[41;31m][0m [1mTS2339: Property 'quickActionTarget' does not exist on type 'UpdatedInventoryPageComponent'.[0m [1m[35m[plugin angular-compiler][0m

    src/app/features/updated-inventory/updated-inventory-page/updated-inventory-page.component.html:121:9:
[37m      121 │     @if ([32mquickActionTarget[37m; as target) {
          ╵          [32m~~~~~~~~~~~~~~~~~[0m

  Error occurs in the template of component UpdatedInventoryPageComponent.

    src/app/features/updated-inventory/updated-inventory-page/updated-inventory-page.component.ts:82:15:
[37m      82 │   templateUrl: [32m'./updated-inventory-page.component.html'[37m,
         ╵                [32m~~~~~~~~~~~~~~~~~~~~~~~~~~~~~~~~~~~~~~~~~[0m


[31mX [41;31m[[41;97mERROR[41;31m][0m [1mTS2339: Property 'closeQuickAction' does not exist on type 'UpdatedInventoryPageComponent'.[0m [1m[35m[plugin angular-compiler][0m

    src/app/features/updated-inventory/updated-inventory-page/updated-inventory-page.component.html:126:17:
[37m      126 │         (click)="[32mcloseQuickAction[37m()"
          ╵                  [32m~~~~~~~~~~~~~~~~[0m

  Error occurs in the template of component UpdatedInventoryPageComponent.

    src/app/features/updated-inventory/updated-inventory-page/updated-inventory-page.component.ts:82:15:
[37m      82 │   templateUrl: [32m'./updated-inventory-page.component.html'[37m,
         ╵                [32m~~~~~~~~~~~~~~~~~~~~~~~~~~~~~~~~~~~~~~~~~[0m


[31mX [41;31m[[41;97mERROR[41;31m][0m [1mTS2339: Property 'closeQuickAction' does not exist on type 'UpdatedInventoryPageComponent'.[0m [1m[35m[plugin angular-compiler][0m

    src/app/features/updated-inventory/updated-inventory-page/updated-inventory-page.component.html:127:25:
[37m      127 │         (keydown.enter)="[32mcloseQuickAction[37m()"
          ╵                          [32m~~~~~~~~~~~~~~~~[0m

  Error occurs in the template of component UpdatedInventoryPageComponent.

    src/app/features/updated-inventory/updated-inventory-page/updated-inventory-page.component.ts:82:15:
[37m      82 │   templateUrl: [32m'./updated-inventory-page.component.html'[37m,
         ╵                [32m~~~~~~~~~~~~~~~~~~~~~~~~~~~~~~~~~~~~~~~~~[0m


[31mX [41;31m[[41;97mERROR[41;31m][0m [1mTS2339: Property 'closeQuickAction' does not exist on type 'UpdatedInventoryPageComponent'.[0m [1m[35m[plugin angular-compiler][0m

    src/app/features/updated-inventory/updated-inventory-page/updated-inventory-page.component.html:128:25:
[37m      128 │         (keydown.space)="[32mcloseQuickAction[37m()"
          ╵                          [32m~~~~~~~~~~~~~~~~[0m

  Error occurs in the template of component UpdatedInventoryPageComponent.

    src/app/features/updated-inventory/updated-inventory-page/updated-inventory-page.component.ts:82:15:
[37m      82 │   templateUrl: [32m'./updated-inventory-page.component.html'[37m,
         ╵                [32m~~~~~~~~~~~~~~~~~~~~~~~~~~~~~~~~~~~~~~~~~[0m


[31mX [41;31m[[41;97mERROR[41;31m][0m [1mTS2339: Property 'quickActionForm' does not exist on type 'UpdatedInventoryPageComponent'.[0m [1m[35m[plugin angular-compiler][0m

    src/app/features/updated-inventory/updated-inventory-page/updated-inventory-page.component.html:132:23:
[37m      132 │           [formGroup]="[32mquickActionForm[37m"
          ╵                        [32m~~~~~~~~~~~~~~~[0m

  Error occurs in the template of component UpdatedInventoryPageComponent.

    src/app/features/updated-inventory/updated-inventory-page/updated-inventory-page.component.ts:82:15:
[37m      82 │   templateUrl: [32m'./updated-inventory-page.component.html'[37m,
         ╵                [32m~~~~~~~~~~~~~~~~~~~~~~~~~~~~~~~~~~~~~~~~~[0m


[31mX [41;31m[[41;97mERROR[41;31m][0m [1mTS2339: Property 'submitQuickAction' does not exist on type 'UpdatedInventoryPageComponent'.[0m [1m[35m[plugin angular-compiler][0m

    src/app/features/updated-inventory/updated-inventory-page/updated-inventory-page.component.html:134:22:
[37m      134 │           (ngSubmit)="[32msubmitQuickAction[37m()"
          ╵                       [32m~~~~~~~~~~~~~~~~~[0m

  Error occurs in the template of component UpdatedInventoryPageComponent.

    src/app/features/updated-inventory/updated-inventory-page/updated-inventory-page.component.ts:82:15:
[37m      82 │   templateUrl: [32m'./updated-inventory-page.component.html'[37m,
         ╵                [32m~~~~~~~~~~~~~~~~~~~~~~~~~~~~~~~~~~~~~~~~~[0m


[31mX [41;31m[[41;97mERROR[41;31m][0m [1mTS2339: Property 'getQuickActionTitle' does not exist on type 'UpdatedInventoryPageComponent'.[0m [1m[35m[plugin angular-compiler][0m

    src/app/features/updated-inventory/updated-inventory-page/updated-inventory-page.component.html:144:56:
[37m      144 │ ...tion-modal__titulo">{{ [32mgetQuickActionTitle[37m(target.action) }}</h3>
          ╵                           [32m~~~~~~~~~~~~~~~~~~~[0m

  Error occurs in the template of component UpdatedInventoryPageComponent.

    src/app/features/updated-inventory/updated-inventory-page/updated-inventory-page.component.ts:82:15:
[37m      82 │   templateUrl: [32m'./updated-inventory-page.component.html'[37m,
         ╵                [32m~~~~~~~~~~~~~~~~~~~~~~~~~~~~~~~~~~~~~~~~~[0m


[31mX [41;31m[[41;97mERROR[41;31m][0m [1mTS2339: Property 'closeQuickAction' does not exist on type 'UpdatedInventoryPageComponent'.[0m [1m[35m[plugin angular-compiler][0m

    src/app/features/updated-inventory/updated-inventory-page/updated-inventory-page.component.html:150:23:
[37m      150 │               (click)="[32mcloseQuickAction[37m()"
          ╵                        [32m~~~~~~~~~~~~~~~~[0m

  Error occurs in the template of component UpdatedInventoryPageComponent.

    src/app/features/updated-inventory/updated-inventory-page/updated-inventory-page.component.ts:82:15:
[37m      82 │   templateUrl: [32m'./updated-inventory-page.component.html'[37m,
         ╵                [32m~~~~~~~~~~~~~~~~~~~~~~~~~~~~~~~~~~~~~~~~~[0m


[31mX [41;31m[[41;97mERROR[41;31m][0m [1mTS2339: Property 'requiresQuantity' does not exist on type 'UpdatedInventoryPageComponent'.[0m [1m[35m[plugin angular-compiler][0m

    src/app/features/updated-inventory/updated-inventory-page/updated-inventory-page.component.html:158:17:
[37m      158 │             @if ([32mrequiresQuantity[37m(target.action)) {
          ╵                  [32m~~~~~~~~~~~~~~~~[0m

  Error occurs in the template of component UpdatedInventoryPageComponent.

    src/app/features/updated-inventory/updated-inventory-page/updated-inventory-page.component.ts:82:15:
[37m      82 │   templateUrl: [32m'./updated-inventory-page.component.html'[37m,
         ╵                [32m~~~~~~~~~~~~~~~~~~~~~~~~~~~~~~~~~~~~~~~~~[0m


[31mX [41;31m[[41;97mERROR[41;31m][0m [1mTS2339: Property 'hasQuickActionError' does not exist on type 'UpdatedInventoryPageComponent'.[0m [1m[35m[plugin angular-compiler][0m

    src/app/features/updated-inventory/updated-inventory-page/updated-inventory-page.component.html:161:58:
[37m      161 │ ...ick-action-modal__group--error]="[32mhasQuickActionError[37m('quantity')"
          ╵                                     [32m~~~~~~~~~~~~~~~~~~~[0m

  Error occurs in the template of component UpdatedInventoryPageComponent.

    src/app/features/updated-inventory/updated-inventory-page/updated-inventory-page.component.ts:82:15:
[37m      82 │   templateUrl: [32m'./updated-inventory-page.component.html'[37m,
         ╵                [32m~~~~~~~~~~~~~~~~~~~~~~~~~~~~~~~~~~~~~~~~~[0m


[31mX [41;31m[[41;97mERROR[41;31m][0m [1mTS2339: Property 'getQuantityLabel' does not exist on type 'UpdatedInventoryPageComponent'.[0m [1m[35m[plugin angular-compiler][0m

    src/app/features/updated-inventory/updated-inventory-page/updated-inventory-page.component.html:164:21:
[37m      164 │                   {{ [32mgetQuantityLabel[37m(target.action) }}
          ╵                      [32m~~~~~~~~~~~~~~~~[0m

  Error occurs in the template of component UpdatedInventoryPageComponent.

    src/app/features/updated-inventory/updated-inventory-page/updated-inventory-page.component.ts:82:15:
[37m      82 │   templateUrl: [32m'./updated-inventory-page.component.html'[37m,
         ╵                [32m~~~~~~~~~~~~~~~~~~~~~~~~~~~~~~~~~~~~~~~~~[0m


[31mX [41;31m[[41;97mERROR[41;31m][0m [1mTS2339: Property 'hasQuickActionError' does not exist on type 'UpdatedInventoryPageComponent'.[0m [1m[35m[plugin angular-compiler][0m

    src/app/features/updated-inventory/updated-inventory-page/updated-inventory-page.component.html:174:21:
[37m      174 │                 @if ([32mhasQuickActionError[37m('quantity')) {
          ╵                      [32m~~~~~~~~~~~~~~~~~~~[0m

  Error occurs in the template of component UpdatedInventoryPageComponent.

    src/app/features/updated-inventory/updated-inventory-page/updated-inventory-page.component.ts:82:15:
[37m      82 │   templateUrl: [32m'./updated-inventory-page.component.html'[37m,
         ╵                [32m~~~~~~~~~~~~~~~~~~~~~~~~~~~~~~~~~~~~~~~~~[0m


[31mX [41;31m[[41;97mERROR[41;31m][0m [1mTS2339: Property 'isSetStockAction' does not exist on type 'UpdatedInventoryPageComponent'.[0m [1m[35m[plugin angular-compiler][0m

    src/app/features/updated-inventory/updated-inventory-page/updated-inventory-page.component.html:180:17:
[37m      180 │             @if ([32misSetStockAction[37m(target.action)) {
          ╵                  [32m~~~~~~~~~~~~~~~~[0m

  Error occurs in the template of component UpdatedInventoryPageComponent.

    src/app/features/updated-inventory/updated-inventory-page/updated-inventory-page.component.ts:82:15:
[37m      82 │   templateUrl: [32m'./updated-inventory-page.component.html'[37m,
         ╵                [32m~~~~~~~~~~~~~~~~~~~~~~~~~~~~~~~~~~~~~~~~~[0m


[31mX [41;31m[[41;97mERROR[41;31m][0m [1mTS2339: Property 'hasQuickActionError' does not exist on type 'UpdatedInventoryPageComponent'.[0m [1m[35m[plugin angular-compiler][0m

    src/app/features/updated-inventory/updated-inventory-page/updated-inventory-page.component.html:183:58:
[37m      183 │ ...-action-modal__group--error]="[32mhasQuickActionError[37m('stockMinimo')"
          ╵                                  [32m~~~~~~~~~~~~~~~~~~~[0m

  Error occurs in the template of component UpdatedInventoryPageComponent.

    src/app/features/updated-inventory/updated-inventory-page/updated-inventory-page.component.ts:82:15:
[37m      82 │   templateUrl: [32m'./updated-inventory-page.component.html'[37m,
         ╵                [32m~~~~~~~~~~~~~~~~~~~~~~~~~~~~~~~~~~~~~~~~~[0m


[31mX [41;31m[[41;97mERROR[41;31m][0m [1mTS2339: Property 'hasQuickActionError' does not exist on type 'UpdatedInventoryPageComponent'.[0m [1m[35m[plugin angular-compiler][0m

    src/app/features/updated-inventory/updated-inventory-page/updated-inventory-page.component.html:196:21:
[37m      196 │                 @if ([32mhasQuickActionError[37m('stockMinimo')) {
          ╵                      [32m~~~~~~~~~~~~~~~~~~~[0m

  Error occurs in the template of component UpdatedInventoryPageComponent.

    src/app/features/updated-inventory/updated-inventory-page/updated-inventory-page.component.ts:82:15:
[37m      82 │   templateUrl: [32m'./updated-inventory-page.component.html'[37m,
         ╵                [32m~~~~~~~~~~~~~~~~~~~~~~~~~~~~~~~~~~~~~~~~~[0m


[31mX [41;31m[[41;97mERROR[41;31m][0m [1mTS2339: Property 'closeQuickAction' does not exist on type 'UpdatedInventoryPageComponent'.[0m [1m[35m[plugin angular-compiler][0m

    src/app/features/updated-inventory/updated-inventory-page/updated-inventory-page.component.html:217:23:
[37m      217 │               (click)="[32mcloseQuickAction[37m()"
          ╵                        [32m~~~~~~~~~~~~~~~~[0m

  Error occurs in the template of component UpdatedInventoryPageComponent.

    src/app/features/updated-inventory/updated-inventory-page/updated-inventory-page.component.ts:82:15:
[37m      82 │   templateUrl: [32m'./updated-inventory-page.component.html'[37m,
         ╵                [32m~~~~~~~~~~~~~~~~~~~~~~~~~~~~~~~~~~~~~~~~~[0m


[31mX [41;31m[[41;97mERROR[41;31m][0m [1mTS2304: Cannot find name 'QuickStockAction'.[0m [1m[35m[plugin angular-compiler][0m

    src/app/features/updated-inventory/updated-inventory-page/updated-inventory-page.component.ts:426:12:
[37m      426 │     action: [32mQuickStockAction[37m,
          ╵             [32m~~~~~~~~~~~~~~~~[0m


[31mX [41;31m[[41;97mERROR[41;31m][0m [1mTS2339: Property 'quickActionForm' does not exist on type 'UpdatedInventoryPageComponent'.[0m [1m[35m[plugin angular-compiler][0m

    src/app/features/updated-inventory/updated-inventory-page/updated-inventory-page.component.ts:429:33:
[37m      429 │     const quantityControl = this.[32mquickActionForm[37m.get('quantity');
          ╵                                  [32m~~~~~~~~~~~~~~~[0m


[31mX [41;31m[[41;97mERROR[41;31m][0m [1mTS2339: Property 'requiresQuantity' does not exist on type 'UpdatedInventoryPageComponent'.[0m [1m[35m[plugin angular-compiler][0m

    src/app/features/updated-inventory/updated-inventory-page/updated-inventory-page.component.ts:432:13:
[37m      432 │     if (this.[32mrequiresQuantity[37m(action)) {
          ╵              [32m~~~~~~~~~~~~~~~~[0m


[31mX [41;31m[[41;97mERROR[41;31m][0m [1mTS2339: Property 'quickActionForm' does not exist on type 'UpdatedInventoryPageComponent'.[0m [1m[35m[plugin angular-compiler][0m

    src/app/features/updated-inventory/updated-inventory-page/updated-inventory-page.component.ts:445:9:
[37m      445 │     this.[32mquickActionForm[37m.reset({
          ╵          [32m~~~~~~~~~~~~~~~[0m


[31mX [41;31m[[41;97mERROR[41;31m][0m [1mTS2304: Cannot find name 'QuickStockAction'.[0m [1m[35m[plugin angular-compiler][0m

    src/app/features/updated-inventory/updated-inventory-page/updated-inventory-page.component.ts:502:42:
[37m      502 │ ...kActionPayload(action: [32mQuickStockAction[37m): QuickStockActionRequ...
          ╵                           [32m~~~~~~~~~~~~~~~~[0m


[31mX [41;31m[[41;97mERROR[41;31m][0m [1mTS2304: Cannot find name 'QuickStockActionRequest'.[0m [1m[35m[plugin angular-compiler][0m

    src/app/features/updated-inventory/updated-inventory-page/updated-inventory-page.component.ts:502:61:
[37m      502 │ ...ctionPayload(action: QuickStockAction): [32mQuickStockActionRequest[37m {
          ╵                                            [32m~~~~~~~~~~~~~~~~~~~~~~~[0m


[31mX [41;31m[[41;97mERROR[41;31m][0m [1mTS2339: Property 'quickActionForm' does not exist on type 'UpdatedInventoryPageComponent'.[0m [1m[35m[plugin angular-compiler][0m

    src/app/features/updated-inventory/updated-inventory-page/updated-inventory-page.component.ts:503:26:
[37m      503 │     const rawValue = this.[32mquickActionForm[37m.getRawValue();
          ╵                           [32m~~~~~~~~~~~~~~~[0m


[31mX [41;31m[[41;97mERROR[41;31m][0m [1mTS2304: Cannot find name 'QuickStockActionRequest'.[0m [1m[35m[plugin angular-compiler][0m

    src/app/features/updated-inventory/updated-inventory-page/updated-inventory-page.component.ts:504:19:
[37m      504 │     const payload: [32mQuickStockActionRequest[37m = { action };
          ╵                    [32m~~~~~~~~~~~~~~~~~~~~~~~[0m


[31mX [41;31m[[41;97mERROR[41;31m][0m [1mTS2339: Property 'requiresQuantity' does not exist on type 'UpdatedInventoryPageComponent'.[0m [1m[35m[plugin angular-compiler][0m

    src/app/features/updated-inventory/updated-inventory-page/updated-inventory-page.component.ts:506:13:
[37m      506 │     if (this.[32mrequiresQuantity[37m(action) && rawValue.quantity !== nu...
          ╵              [32m~~~~~~~~~~~~~~~~[0m


[31mX [41;31m[[41;97mERROR[41;31m][0m [1mTS2304: Cannot find name 'QuickStockAction'.[0m [1m[35m[plugin angular-compiler][0m

    src/app/features/updated-inventory/updated-inventory-page/updated-inventory-page.component.ts:627:46:
[37m      627 │ ...QuickActionMotivo(action: [32mQuickStockAction[37m): string | undefined {
          ╵                              [32m~~~~~~~~~~~~~~~~[0m


[31mX [41;31m[[41;97mERROR[41;31m][0m [1mTS2304: Cannot find name 'QUICK_ACTION_DEFAULT_MOTIVOS'.[0m [1m[35m[plugin angular-compiler][0m

    src/app/features/updated-inventory/updated-inventory-page/updated-inventory-page.component.ts:628:11:
[37m      628 │     return [32mQUICK_ACTION_DEFAULT_MOTIVOS[37m[action];
          ╵            [32m~~~~~~~~~~~~~~~~~~~~~~~~~~~~[0m

[39m[22m
[1m[31m[31mX [41;31m[[41;97mERROR[41;31m][0m [1mTS2339: Property 'openQuickAction' does not exist on type 'UpdatedInventoryPageComponent'.[0m [1m[35m[plugin angular-compiler][0m

    src/app/features/updated-inventory/updated-inventory-page/updated-inventory-page.component.html:107:21:
[37m      107 │       (quickAction)="[32mopenQuickAction[37m($event)"
          ╵                      [32m~~~~~~~~~~~~~~~[0m

  Error occurs in the template of component UpdatedInventoryPageComponent.

    src/app/features/updated-inventory/updated-inventory-page/updated-inventory-page.component.ts:82:15:
[37m      82 │   templateUrl: [32m'./updated-inventory-page.component.html'[37m,
         ╵                [32m~~~~~~~~~~~~~~~~~~~~~~~~~~~~~~~~~~~~~~~~~[0m


[31mX [41;31m[[41;97mERROR[41;31m][0m [1mTS2339: Property 'quickActionTarget' does not exist on type 'UpdatedInventoryPageComponent'.[0m [1m[35m[plugin angular-compiler][0m

    src/app/features/updated-inventory/updated-inventory-page/updated-inventory-page.component.html:121:9:
[37m      121 │     @if ([32mquickActionTarget[37m; as target) {
          ╵          [32m~~~~~~~~~~~~~~~~~[0m

  Error occurs in the template of component UpdatedInventoryPageComponent.

    src/app/features/updated-inventory/updated-inventory-page/updated-inventory-page.component.ts:82:15:
[37m      82 │   templateUrl: [32m'./updated-inventory-page.component.html'[37m,
         ╵                [32m~~~~~~~~~~~~~~~~~~~~~~~~~~~~~~~~~~~~~~~~~[0m


[31mX [41;31m[[41;97mERROR[41;31m][0m [1mTS2339: Property 'quickActionTarget' does not exist on type 'UpdatedInventoryPageComponent'.[0m [1m[35m[plugin angular-compiler][0m

    src/app/features/updated-inventory/updated-inventory-page/updated-inventory-page.component.html:121:9:
[37m      121 │     @if ([32mquickActionTarget[37m; as target) {
          ╵          [32m~~~~~~~~~~~~~~~~~[0m

  Error occurs in the template of component UpdatedInventoryPageComponent.

    src/app/features/updated-inventory/updated-inventory-page/updated-inventory-page.component.ts:82:15:
[37m      82 │   templateUrl: [32m'./updated-inventory-page.component.html'[37m,
         ╵                [32m~~~~~~~~~~~~~~~~~~~~~~~~~~~~~~~~~~~~~~~~~[0m


[31mX [41;31m[[41;97mERROR[41;31m][0m [1mTS2339: Property 'closeQuickAction' does not exist on type 'UpdatedInventoryPageComponent'.[0m [1m[35m[plugin angular-compiler][0m

    src/app/features/updated-inventory/updated-inventory-page/updated-inventory-page.component.html:126:17:
[37m      126 │         (click)="[32mcloseQuickAction[37m()"
          ╵                  [32m~~~~~~~~~~~~~~~~[0m

  Error occurs in the template of component UpdatedInventoryPageComponent.

    src/app/features/updated-inventory/updated-inventory-page/updated-inventory-page.component.ts:82:15:
[37m      82 │   templateUrl: [32m'./updated-inventory-page.component.html'[37m,
         ╵                [32m~~~~~~~~~~~~~~~~~~~~~~~~~~~~~~~~~~~~~~~~~[0m


[31mX [41;31m[[41;97mERROR[41;31m][0m [1mTS2339: Property 'closeQuickAction' does not exist on type 'UpdatedInventoryPageComponent'.[0m [1m[35m[plugin angular-compiler][0m

    src/app/features/updated-inventory/updated-inventory-page/updated-inventory-page.component.html:127:25:
[37m      127 │         (keydown.enter)="[32mcloseQuickAction[37m()"
          ╵                          [32m~~~~~~~~~~~~~~~~[0m

  Error occurs in the template of component UpdatedInventoryPageComponent.

    src/app/features/updated-inventory/updated-inventory-page/updated-inventory-page.component.ts:82:15:
[37m      82 │   templateUrl: [32m'./updated-inventory-page.component.html'[37m,
         ╵                [32m~~~~~~~~~~~~~~~~~~~~~~~~~~~~~~~~~~~~~~~~~[0m


[31mX [41;31m[[41;97mERROR[41;31m][0m [1mTS2339: Property 'closeQuickAction' does not exist on type 'UpdatedInventoryPageComponent'.[0m [1m[35m[plugin angular-compiler][0m

    src/app/features/updated-inventory/updated-inventory-page/updated-inventory-page.component.html:128:25:
[37m      128 │         (keydown.space)="[32mcloseQuickAction[37m()"
          ╵                          [32m~~~~~~~~~~~~~~~~[0m

  Error occurs in the template of component UpdatedInventoryPageComponent.

    src/app/features/updated-inventory/updated-inventory-page/updated-inventory-page.component.ts:82:15:
[37m      82 │   templateUrl: [32m'./updated-inventory-page.component.html'[37m,
         ╵                [32m~~~~~~~~~~~~~~~~~~~~~~~~~~~~~~~~~~~~~~~~~[0m


[31mX [41;31m[[41;97mERROR[41;31m][0m [1mTS2339: Property 'quickActionForm' does not exist on type 'UpdatedInventoryPageComponent'.[0m [1m[35m[plugin angular-compiler][0m

    src/app/features/updated-inventory/updated-inventory-page/updated-inventory-page.component.html:132:23:
[37m      132 │           [formGroup]="[32mquickActionForm[37m"
          ╵                        [32m~~~~~~~~~~~~~~~[0m

  Error occurs in the template of component UpdatedInventoryPageComponent.

    src/app/features/updated-inventory/updated-inventory-page/updated-inventory-page.component.ts:82:15:
[37m      82 │   templateUrl: [32m'./updated-inventory-page.component.html'[37m,
         ╵                [32m~~~~~~~~~~~~~~~~~~~~~~~~~~~~~~~~~~~~~~~~~[0m


[31mX [41;31m[[41;97mERROR[41;31m][0m [1mTS2339: Property 'submitQuickAction' does not exist on type 'UpdatedInventoryPageComponent'.[0m [1m[35m[plugin angular-compiler][0m

    src/app/features/updated-inventory/updated-inventory-page/updated-inventory-page.component.html:134:22:
[37m      134 │           (ngSubmit)="[32msubmitQuickAction[37m()"
          ╵                       [32m~~~~~~~~~~~~~~~~~[0m

  Error occurs in the template of component UpdatedInventoryPageComponent.

    src/app/features/updated-inventory/updated-inventory-page/updated-inventory-page.component.ts:82:15:
[37m      82 │   templateUrl: [32m'./updated-inventory-page.component.html'[37m,
         ╵                [32m~~~~~~~~~~~~~~~~~~~~~~~~~~~~~~~~~~~~~~~~~[0m


[31mX [41;31m[[41;97mERROR[41;31m][0m [1mTS2339: Property 'getQuickActionTitle' does not exist on type 'UpdatedInventoryPageComponent'.[0m [1m[35m[plugin angular-compiler][0m

    src/app/features/updated-inventory/updated-inventory-page/updated-inventory-page.component.html:144:56:
[37m      144 │ ...tion-modal__titulo">{{ [32mgetQuickActionTitle[37m(target.action) }}</h3>
          ╵                           [32m~~~~~~~~~~~~~~~~~~~[0m

  Error occurs in the template of component UpdatedInventoryPageComponent.

    src/app/features/updated-inventory/updated-inventory-page/updated-inventory-page.component.ts:82:15:
[37m      82 │   templateUrl: [32m'./updated-inventory-page.component.html'[37m,
         ╵                [32m~~~~~~~~~~~~~~~~~~~~~~~~~~~~~~~~~~~~~~~~~[0m


[31mX [41;31m[[41;97mERROR[41;31m][0m [1mTS2339: Property 'closeQuickAction' does not exist on type 'UpdatedInventoryPageComponent'.[0m [1m[35m[plugin angular-compiler][0m

    src/app/features/updated-inventory/updated-inventory-page/updated-inventory-page.component.html:150:23:
[37m      150 │               (click)="[32mcloseQuickAction[37m()"
          ╵                        [32m~~~~~~~~~~~~~~~~[0m

  Error occurs in the template of component UpdatedInventoryPageComponent.

    src/app/features/updated-inventory/updated-inventory-page/updated-inventory-page.component.ts:82:15:
[37m      82 │   templateUrl: [32m'./updated-inventory-page.component.html'[37m,
         ╵                [32m~~~~~~~~~~~~~~~~~~~~~~~~~~~~~~~~~~~~~~~~~[0m


[31mX [41;31m[[41;97mERROR[41;31m][0m [1mTS2339: Property 'requiresQuantity' does not exist on type 'UpdatedInventoryPageComponent'.[0m [1m[35m[plugin angular-compiler][0m

    src/app/features/updated-inventory/updated-inventory-page/updated-inventory-page.component.html:158:17:
[37m      158 │             @if ([32mrequiresQuantity[37m(target.action)) {
          ╵                  [32m~~~~~~~~~~~~~~~~[0m

  Error occurs in the template of component UpdatedInventoryPageComponent.

    src/app/features/updated-inventory/updated-inventory-page/updated-inventory-page.component.ts:82:15:
[37m      82 │   templateUrl: [32m'./updated-inventory-page.component.html'[37m,
         ╵                [32m~~~~~~~~~~~~~~~~~~~~~~~~~~~~~~~~~~~~~~~~~[0m


[31mX [41;31m[[41;97mERROR[41;31m][0m [1mTS2339: Property 'hasQuickActionError' does not exist on type 'UpdatedInventoryPageComponent'.[0m [1m[35m[plugin angular-compiler][0m

    src/app/features/updated-inventory/updated-inventory-page/updated-inventory-page.component.html:161:58:
[37m      161 │ ...ick-action-modal__group--error]="[32mhasQuickActionError[37m('quantity')"
          ╵                                     [32m~~~~~~~~~~~~~~~~~~~[0m

  Error occurs in the template of component UpdatedInventoryPageComponent.

    src/app/features/updated-inventory/updated-inventory-page/updated-inventory-page.component.ts:82:15:
[37m      82 │   templateUrl: [32m'./updated-inventory-page.component.html'[37m,
         ╵                [32m~~~~~~~~~~~~~~~~~~~~~~~~~~~~~~~~~~~~~~~~~[0m


[31mX [41;31m[[41;97mERROR[41;31m][0m [1mTS2339: Property 'getQuantityLabel' does not exist on type 'UpdatedInventoryPageComponent'.[0m [1m[35m[plugin angular-compiler][0m

    src/app/features/updated-inventory/updated-inventory-page/updated-inventory-page.component.html:164:21:
[37m      164 │                   {{ [32mgetQuantityLabel[37m(target.action) }}
          ╵                      [32m~~~~~~~~~~~~~~~~[0m

  Error occurs in the template of component UpdatedInventoryPageComponent.

    src/app/features/updated-inventory/updated-inventory-page/updated-inventory-page.component.ts:82:15:
[37m      82 │   templateUrl: [32m'./updated-inventory-page.component.html'[37m,
         ╵                [32m~~~~~~~~~~~~~~~~~~~~~~~~~~~~~~~~~~~~~~~~~[0m


[31mX [41;31m[[41;97mERROR[41;31m][0m [1mTS2339: Property 'hasQuickActionError' does not exist on type 'UpdatedInventoryPageComponent'.[0m [1m[35m[plugin angular-compiler][0m

    src/app/features/updated-inventory/updated-inventory-page/updated-inventory-page.component.html:174:21:
[37m      174 │                 @if ([32mhasQuickActionError[37m('quantity')) {
          ╵                      [32m~~~~~~~~~~~~~~~~~~~[0m

  Error occurs in the template of component UpdatedInventoryPageComponent.

    src/app/features/updated-inventory/updated-inventory-page/updated-inventory-page.component.ts:82:15:
[37m      82 │   templateUrl: [32m'./updated-inventory-page.component.html'[37m,
         ╵                [32m~~~~~~~~~~~~~~~~~~~~~~~~~~~~~~~~~~~~~~~~~[0m


[31mX [41;31m[[41;97mERROR[41;31m][0m [1mTS2339: Property 'isSetStockAction' does not exist on type 'UpdatedInventoryPageComponent'.[0m [1m[35m[plugin angular-compiler][0m

    src/app/features/updated-inventory/updated-inventory-page/updated-inventory-page.component.html:180:17:
[37m      180 │             @if ([32misSetStockAction[37m(target.action)) {
          ╵                  [32m~~~~~~~~~~~~~~~~[0m

  Error occurs in the template of component UpdatedInventoryPageComponent.

    src/app/features/updated-inventory/updated-inventory-page/updated-inventory-page.component.ts:82:15:
[37m      82 │   templateUrl: [32m'./updated-inventory-page.component.html'[37m,
         ╵                [32m~~~~~~~~~~~~~~~~~~~~~~~~~~~~~~~~~~~~~~~~~[0m


[31mX [41;31m[[41;97mERROR[41;31m][0m [1mTS2339: Property 'hasQuickActionError' does not exist on type 'UpdatedInventoryPageComponent'.[0m [1m[35m[plugin angular-compiler][0m

    src/app/features/updated-inventory/updated-inventory-page/updated-inventory-page.component.html:183:58:
[37m      183 │ ...-action-modal__group--error]="[32mhasQuickActionError[37m('stockMinimo')"
          ╵                                  [32m~~~~~~~~~~~~~~~~~~~[0m

  Error occurs in the template of component UpdatedInventoryPageComponent.

    src/app/features/updated-inventory/updated-inventory-page/updated-inventory-page.component.ts:82:15:
[37m      82 │   templateUrl: [32m'./updated-inventory-page.component.html'[37m,
         ╵                [32m~~~~~~~~~~~~~~~~~~~~~~~~~~~~~~~~~~~~~~~~~[0m


[31mX [41;31m[[41;97mERROR[41;31m][0m [1mTS2339: Property 'hasQuickActionError' does not exist on type 'UpdatedInventoryPageComponent'.[0m [1m[35m[plugin angular-compiler][0m

    src/app/features/updated-inventory/updated-inventory-page/updated-inventory-page.component.html:196:21:
[37m      196 │                 @if ([32mhasQuickActionError[37m('stockMinimo')) {
          ╵                      [32m~~~~~~~~~~~~~~~~~~~[0m

  Error occurs in the template of component UpdatedInventoryPageComponent.

    src/app/features/updated-inventory/updated-inventory-page/updated-inventory-page.component.ts:82:15:
[37m      82 │   templateUrl: [32m'./updated-inventory-page.component.html'[37m,
         ╵                [32m~~~~~~~~~~~~~~~~~~~~~~~~~~~~~~~~~~~~~~~~~[0m


[31mX [41;31m[[41;97mERROR[41;31m][0m [1mTS2339: Property 'closeQuickAction' does not exist on type 'UpdatedInventoryPageComponent'.[0m [1m[35m[plugin angular-compiler][0m

    src/app/features/updated-inventory/updated-inventory-page/updated-inventory-page.component.html:217:23:
[37m      217 │               (click)="[32mcloseQuickAction[37m()"
          ╵                        [32m~~~~~~~~~~~~~~~~[0m

  Error occurs in the template of component UpdatedInventoryPageComponent.

    src/app/features/updated-inventory/updated-inventory-page/updated-inventory-page.component.ts:82:15:
[37m      82 │   templateUrl: [32m'./updated-inventory-page.component.html'[37m,
         ╵                [32m~~~~~~~~~~~~~~~~~~~~~~~~~~~~~~~~~~~~~~~~~[0m


[31mX [41;31m[[41;97mERROR[41;31m][0m [1mTS2304: Cannot find name 'QuickStockAction'.[0m [1m[35m[plugin angular-compiler][0m

    src/app/features/updated-inventory/updated-inventory-page/updated-inventory-page.component.ts:466:12:
[37m      466 │     action: [32mQuickStockAction[37m,
          ╵             [32m~~~~~~~~~~~~~~~~[0m


[31mX [41;31m[[41;97mERROR[41;31m][0m [1mTS2339: Property 'quickActionForm' does not exist on type 'UpdatedInventoryPageComponent'.[0m [1m[35m[plugin angular-compiler][0m

    src/app/features/updated-inventory/updated-inventory-page/updated-inventory-page.component.ts:469:33:
[37m      469 │     const quantityControl = this.[32mquickActionForm[37m.get('quantity');
          ╵                                  [32m~~~~~~~~~~~~~~~[0m


[31mX [41;31m[[41;97mERROR[41;31m][0m [1mTS2339: Property 'requiresQuantity' does not exist on type 'UpdatedInventoryPageComponent'.[0m [1m[35m[plugin angular-compiler][0m

    src/app/features/updated-inventory/updated-inventory-page/updated-inventory-page.component.ts:472:13:
[37m      472 │     if (this.[32mrequiresQuantity[37m(action)) {
          ╵              [32m~~~~~~~~~~~~~~~~[0m


[31mX [41;31m[[41;97mERROR[41;31m][0m [1mTS2339: Property 'quickActionForm' does not exist on type 'UpdatedInventoryPageComponent'.[0m [1m[35m[plugin angular-compiler][0m

    src/app/features/updated-inventory/updated-inventory-page/updated-inventory-page.component.ts:485:9:
[37m      485 │     this.[32mquickActionForm[37m.reset({
          ╵          [32m~~~~~~~~~~~~~~~[0m


[31mX [41;31m[[41;97mERROR[41;31m][0m [1mTS2304: Cannot find name 'QuickStockAction'.[0m [1m[35m[plugin angular-compiler][0m

    src/app/features/updated-inventory/updated-inventory-page/updated-inventory-page.component.ts:542:42:
[37m      542 │ ...kActionPayload(action: [32mQuickStockAction[37m): QuickStockActionRequ...
          ╵                           [32m~~~~~~~~~~~~~~~~[0m


[31mX [41;31m[[41;97mERROR[41;31m][0m [1mTS2304: Cannot find name 'QuickStockActionRequest'.[0m [1m[35m[plugin angular-compiler][0m

    src/app/features/updated-inventory/updated-inventory-page/updated-inventory-page.component.ts:542:61:
[37m      542 │ ...ctionPayload(action: QuickStockAction): [32mQuickStockActionRequest[37m {
          ╵                                            [32m~~~~~~~~~~~~~~~~~~~~~~~[0m


[31mX [41;31m[[41;97mERROR[41;31m][0m [1mTS2339: Property 'quickActionForm' does not exist on type 'UpdatedInventoryPageComponent'.[0m [1m[35m[plugin angular-compiler][0m

    src/app/features/updated-inventory/updated-inventory-page/updated-inventory-page.component.ts:543:26:
[37m      543 │     const rawValue = this.[32mquickActionForm[37m.getRawValue();
          ╵                           [32m~~~~~~~~~~~~~~~[0m


[31mX [41;31m[[41;97mERROR[41;31m][0m [1mTS2304: Cannot find name 'QuickStockActionRequest'.[0m [1m[35m[plugin angular-compiler][0m

    src/app/features/updated-inventory/updated-inventory-page/updated-inventory-page.component.ts:544:19:
[37m      544 │     const payload: [32mQuickStockActionRequest[37m = { action };
          ╵                    [32m~~~~~~~~~~~~~~~~~~~~~~~[0m


[31mX [41;31m[[41;97mERROR[41;31m][0m [1mTS2339: Property 'requiresQuantity' does not exist on type 'UpdatedInventoryPageComponent'.[0m [1m[35m[plugin angular-compiler][0m

    src/app/features/updated-inventory/updated-inventory-page/updated-inventory-page.component.ts:546:13:
[37m      546 │     if (this.[32mrequiresQuantity[37m(action) && rawValue.quantity !== nu...
          ╵              [32m~~~~~~~~~~~~~~~~[0m


[31mX [41;31m[[41;97mERROR[41;31m][0m [1mTS2304: Cannot find name 'QuickStockAction'.[0m [1m[35m[plugin angular-compiler][0m

    src/app/features/updated-inventory/updated-inventory-page/updated-inventory-page.component.ts:667:46:
[37m      667 │ ...QuickActionMotivo(action: [32mQuickStockAction[37m): string | undefined {
          ╵                              [32m~~~~~~~~~~~~~~~~[0m


[31mX [41;31m[[41;97mERROR[41;31m][0m [1mTS2304: Cannot find name 'QUICK_ACTION_DEFAULT_MOTIVOS'.[0m [1m[35m[plugin angular-compiler][0m

    src/app/features/updated-inventory/updated-inventory-page/updated-inventory-page.component.ts:668:11:
[37m      668 │     return [32mQUICK_ACTION_DEFAULT_MOTIVOS[37m[action];
          ╵            [32m~~~~~~~~~~~~~~~~~~~~~~~~~~~~[0m

[39m[22m
[1m[31m[31mX [41;31m[[41;97mERROR[41;31m][0m [1mTS2339: Property 'openQuickAction' does not exist on type 'UpdatedInventoryPageComponent'.[0m [1m[35m[plugin angular-compiler][0m

    src/app/features/updated-inventory/updated-inventory-page/updated-inventory-page.component.html:107:21:
[37m      107 │       (quickAction)="[32mopenQuickAction[37m($event)"
          ╵                      [32m~~~~~~~~~~~~~~~[0m

  Error occurs in the template of component UpdatedInventoryPageComponent.

    src/app/features/updated-inventory/updated-inventory-page/updated-inventory-page.component.ts:82:15:
[37m      82 │   templateUrl: [32m'./updated-inventory-page.component.html'[37m,
         ╵                [32m~~~~~~~~~~~~~~~~~~~~~~~~~~~~~~~~~~~~~~~~~[0m


[31mX [41;31m[[41;97mERROR[41;31m][0m [1mTS2339: Property 'quickActionTarget' does not exist on type 'UpdatedInventoryPageComponent'.[0m [1m[35m[plugin angular-compiler][0m

    src/app/features/updated-inventory/updated-inventory-page/updated-inventory-page.component.html:121:9:
[37m      121 │     @if ([32mquickActionTarget[37m; as target) {
          ╵          [32m~~~~~~~~~~~~~~~~~[0m

  Error occurs in the template of component UpdatedInventoryPageComponent.

    src/app/features/updated-inventory/updated-inventory-page/updated-inventory-page.component.ts:82:15:
[37m      82 │   templateUrl: [32m'./updated-inventory-page.component.html'[37m,
         ╵                [32m~~~~~~~~~~~~~~~~~~~~~~~~~~~~~~~~~~~~~~~~~[0m


[31mX [41;31m[[41;97mERROR[41;31m][0m [1mTS2339: Property 'quickActionTarget' does not exist on type 'UpdatedInventoryPageComponent'.[0m [1m[35m[plugin angular-compiler][0m

    src/app/features/updated-inventory/updated-inventory-page/updated-inventory-page.component.html:121:9:
[37m      121 │     @if ([32mquickActionTarget[37m; as target) {
          ╵          [32m~~~~~~~~~~~~~~~~~[0m

  Error occurs in the template of component UpdatedInventoryPageComponent.

    src/app/features/updated-inventory/updated-inventory-page/updated-inventory-page.component.ts:82:15:
[37m      82 │   templateUrl: [32m'./updated-inventory-page.component.html'[37m,
         ╵                [32m~~~~~~~~~~~~~~~~~~~~~~~~~~~~~~~~~~~~~~~~~[0m


[31mX [41;31m[[41;97mERROR[41;31m][0m [1mTS2339: Property 'closeQuickAction' does not exist on type 'UpdatedInventoryPageComponent'.[0m [1m[35m[plugin angular-compiler][0m

    src/app/features/updated-inventory/updated-inventory-page/updated-inventory-page.component.html:126:17:
[37m      126 │         (click)="[32mcloseQuickAction[37m()"
          ╵                  [32m~~~~~~~~~~~~~~~~[0m

  Error occurs in the template of component UpdatedInventoryPageComponent.

    src/app/features/updated-inventory/updated-inventory-page/updated-inventory-page.component.ts:82:15:
[37m      82 │   templateUrl: [32m'./updated-inventory-page.component.html'[37m,
         ╵                [32m~~~~~~~~~~~~~~~~~~~~~~~~~~~~~~~~~~~~~~~~~[0m


[31mX [41;31m[[41;97mERROR[41;31m][0m [1mTS2339: Property 'closeQuickAction' does not exist on type 'UpdatedInventoryPageComponent'.[0m [1m[35m[plugin angular-compiler][0m

    src/app/features/updated-inventory/updated-inventory-page/updated-inventory-page.component.html:127:25:
[37m      127 │         (keydown.enter)="[32mcloseQuickAction[37m()"
          ╵                          [32m~~~~~~~~~~~~~~~~[0m

  Error occurs in the template of component UpdatedInventoryPageComponent.

    src/app/features/updated-inventory/updated-inventory-page/updated-inventory-page.component.ts:82:15:
[37m      82 │   templateUrl: [32m'./updated-inventory-page.component.html'[37m,
         ╵                [32m~~~~~~~~~~~~~~~~~~~~~~~~~~~~~~~~~~~~~~~~~[0m


[31mX [41;31m[[41;97mERROR[41;31m][0m [1mTS2339: Property 'closeQuickAction' does not exist on type 'UpdatedInventoryPageComponent'.[0m [1m[35m[plugin angular-compiler][0m

    src/app/features/updated-inventory/updated-inventory-page/updated-inventory-page.component.html:128:25:
[37m      128 │         (keydown.space)="[32mcloseQuickAction[37m()"
          ╵                          [32m~~~~~~~~~~~~~~~~[0m

  Error occurs in the template of component UpdatedInventoryPageComponent.

    src/app/features/updated-inventory/updated-inventory-page/updated-inventory-page.component.ts:82:15:
[37m      82 │   templateUrl: [32m'./updated-inventory-page.component.html'[37m,
         ╵                [32m~~~~~~~~~~~~~~~~~~~~~~~~~~~~~~~~~~~~~~~~~[0m


[31mX [41;31m[[41;97mERROR[41;31m][0m [1mTS2339: Property 'quickActionForm' does not exist on type 'UpdatedInventoryPageComponent'.[0m [1m[35m[plugin angular-compiler][0m

    src/app/features/updated-inventory/updated-inventory-page/updated-inventory-page.component.html:132:23:
[37m      132 │           [formGroup]="[32mquickActionForm[37m"
          ╵                        [32m~~~~~~~~~~~~~~~[0m

  Error occurs in the template of component UpdatedInventoryPageComponent.

    src/app/features/updated-inventory/updated-inventory-page/updated-inventory-page.component.ts:82:15:
[37m      82 │   templateUrl: [32m'./updated-inventory-page.component.html'[37m,
         ╵                [32m~~~~~~~~~~~~~~~~~~~~~~~~~~~~~~~~~~~~~~~~~[0m


[31mX [41;31m[[41;97mERROR[41;31m][0m [1mTS2339: Property 'submitQuickAction' does not exist on type 'UpdatedInventoryPageComponent'.[0m [1m[35m[plugin angular-compiler][0m

    src/app/features/updated-inventory/updated-inventory-page/updated-inventory-page.component.html:134:22:
[37m      134 │           (ngSubmit)="[32msubmitQuickAction[37m()"
          ╵                       [32m~~~~~~~~~~~~~~~~~[0m

  Error occurs in the template of component UpdatedInventoryPageComponent.

    src/app/features/updated-inventory/updated-inventory-page/updated-inventory-page.component.ts:82:15:
[37m      82 │   templateUrl: [32m'./updated-inventory-page.component.html'[37m,
         ╵                [32m~~~~~~~~~~~~~~~~~~~~~~~~~~~~~~~~~~~~~~~~~[0m


[31mX [41;31m[[41;97mERROR[41;31m][0m [1mTS2339: Property 'getQuickActionTitle' does not exist on type 'UpdatedInventoryPageComponent'.[0m [1m[35m[plugin angular-compiler][0m

    src/app/features/updated-inventory/updated-inventory-page/updated-inventory-page.component.html:144:56:
[37m      144 │ ...tion-modal__titulo">{{ [32mgetQuickActionTitle[37m(target.action) }}</h3>
          ╵                           [32m~~~~~~~~~~~~~~~~~~~[0m

  Error occurs in the template of component UpdatedInventoryPageComponent.

    src/app/features/updated-inventory/updated-inventory-page/updated-inventory-page.component.ts:82:15:
[37m      82 │   templateUrl: [32m'./updated-inventory-page.component.html'[37m,
         ╵                [32m~~~~~~~~~~~~~~~~~~~~~~~~~~~~~~~~~~~~~~~~~[0m


[31mX [41;31m[[41;97mERROR[41;31m][0m [1mTS2339: Property 'closeQuickAction' does not exist on type 'UpdatedInventoryPageComponent'.[0m [1m[35m[plugin angular-compiler][0m

    src/app/features/updated-inventory/updated-inventory-page/updated-inventory-page.component.html:150:23:
[37m      150 │               (click)="[32mcloseQuickAction[37m()"
          ╵                        [32m~~~~~~~~~~~~~~~~[0m

  Error occurs in the template of component UpdatedInventoryPageComponent.

    src/app/features/updated-inventory/updated-inventory-page/updated-inventory-page.component.ts:82:15:
[37m      82 │   templateUrl: [32m'./updated-inventory-page.component.html'[37m,
         ╵                [32m~~~~~~~~~~~~~~~~~~~~~~~~~~~~~~~~~~~~~~~~~[0m


[31mX [41;31m[[41;97mERROR[41;31m][0m [1mTS2339: Property 'requiresQuantity' does not exist on type 'UpdatedInventoryPageComponent'.[0m [1m[35m[plugin angular-compiler][0m

    src/app/features/updated-inventory/updated-inventory-page/updated-inventory-page.component.html:158:17:
[37m      158 │             @if ([32mrequiresQuantity[37m(target.action)) {
          ╵                  [32m~~~~~~~~~~~~~~~~[0m

  Error occurs in the template of component UpdatedInventoryPageComponent.

    src/app/features/updated-inventory/updated-inventory-page/updated-inventory-page.component.ts:82:15:
[37m      82 │   templateUrl: [32m'./updated-inventory-page.component.html'[37m,
         ╵                [32m~~~~~~~~~~~~~~~~~~~~~~~~~~~~~~~~~~~~~~~~~[0m


[31mX [41;31m[[41;97mERROR[41;31m][0m [1mTS2339: Property 'hasQuickActionError' does not exist on type 'UpdatedInventoryPageComponent'.[0m [1m[35m[plugin angular-compiler][0m

    src/app/features/updated-inventory/updated-inventory-page/updated-inventory-page.component.html:161:58:
[37m      161 │ ...ick-action-modal__group--error]="[32mhasQuickActionError[37m('quantity')"
          ╵                                     [32m~~~~~~~~~~~~~~~~~~~[0m

  Error occurs in the template of component UpdatedInventoryPageComponent.

    src/app/features/updated-inventory/updated-inventory-page/updated-inventory-page.component.ts:82:15:
[37m      82 │   templateUrl: [32m'./updated-inventory-page.component.html'[37m,
         ╵                [32m~~~~~~~~~~~~~~~~~~~~~~~~~~~~~~~~~~~~~~~~~[0m


[31mX [41;31m[[41;97mERROR[41;31m][0m [1mTS2339: Property 'getQuantityLabel' does not exist on type 'UpdatedInventoryPageComponent'.[0m [1m[35m[plugin angular-compiler][0m

    src/app/features/updated-inventory/updated-inventory-page/updated-inventory-page.component.html:164:21:
[37m      164 │                   {{ [32mgetQuantityLabel[37m(target.action) }}
          ╵                      [32m~~~~~~~~~~~~~~~~[0m

  Error occurs in the template of component UpdatedInventoryPageComponent.

    src/app/features/updated-inventory/updated-inventory-page/updated-inventory-page.component.ts:82:15:
[37m      82 │   templateUrl: [32m'./updated-inventory-page.component.html'[37m,
         ╵                [32m~~~~~~~~~~~~~~~~~~~~~~~~~~~~~~~~~~~~~~~~~[0m


[31mX [41;31m[[41;97mERROR[41;31m][0m [1mTS2339: Property 'hasQuickActionError' does not exist on type 'UpdatedInventoryPageComponent'.[0m [1m[35m[plugin angular-compiler][0m

    src/app/features/updated-inventory/updated-inventory-page/updated-inventory-page.component.html:174:21:
[37m      174 │                 @if ([32mhasQuickActionError[37m('quantity')) {
          ╵                      [32m~~~~~~~~~~~~~~~~~~~[0m

  Error occurs in the template of component UpdatedInventoryPageComponent.

    src/app/features/updated-inventory/updated-inventory-page/updated-inventory-page.component.ts:82:15:
[37m      82 │   templateUrl: [32m'./updated-inventory-page.component.html'[37m,
         ╵                [32m~~~~~~~~~~~~~~~~~~~~~~~~~~~~~~~~~~~~~~~~~[0m


[31mX [41;31m[[41;97mERROR[41;31m][0m [1mTS2339: Property 'isSetStockAction' does not exist on type 'UpdatedInventoryPageComponent'.[0m [1m[35m[plugin angular-compiler][0m

    src/app/features/updated-inventory/updated-inventory-page/updated-inventory-page.component.html:180:17:
[37m      180 │             @if ([32misSetStockAction[37m(target.action)) {
          ╵                  [32m~~~~~~~~~~~~~~~~[0m

  Error occurs in the template of component UpdatedInventoryPageComponent.

    src/app/features/updated-inventory/updated-inventory-page/updated-inventory-page.component.ts:82:15:
[37m      82 │   templateUrl: [32m'./updated-inventory-page.component.html'[37m,
         ╵                [32m~~~~~~~~~~~~~~~~~~~~~~~~~~~~~~~~~~~~~~~~~[0m


[31mX [41;31m[[41;97mERROR[41;31m][0m [1mTS2339: Property 'hasQuickActionError' does not exist on type 'UpdatedInventoryPageComponent'.[0m [1m[35m[plugin angular-compiler][0m

    src/app/features/updated-inventory/updated-inventory-page/updated-inventory-page.component.html:183:58:
[37m      183 │ ...-action-modal__group--error]="[32mhasQuickActionError[37m('stockMinimo')"
          ╵                                  [32m~~~~~~~~~~~~~~~~~~~[0m

  Error occurs in the template of component UpdatedInventoryPageComponent.

    src/app/features/updated-inventory/updated-inventory-page/updated-inventory-page.component.ts:82:15:
[37m      82 │   templateUrl: [32m'./updated-inventory-page.component.html'[37m,
         ╵                [32m~~~~~~~~~~~~~~~~~~~~~~~~~~~~~~~~~~~~~~~~~[0m


[31mX [41;31m[[41;97mERROR[41;31m][0m [1mTS2339: Property 'hasQuickActionError' does not exist on type 'UpdatedInventoryPageComponent'.[0m [1m[35m[plugin angular-compiler][0m

    src/app/features/updated-inventory/updated-inventory-page/updated-inventory-page.component.html:196:21:
[37m      196 │                 @if ([32mhasQuickActionError[37m('stockMinimo')) {
          ╵                      [32m~~~~~~~~~~~~~~~~~~~[0m

  Error occurs in the template of component UpdatedInventoryPageComponent.

    src/app/features/updated-inventory/updated-inventory-page/updated-inventory-page.component.ts:82:15:
[37m      82 │   templateUrl: [32m'./updated-inventory-page.component.html'[37m,
         ╵                [32m~~~~~~~~~~~~~~~~~~~~~~~~~~~~~~~~~~~~~~~~~[0m


[31mX [41;31m[[41;97mERROR[41;31m][0m [1mTS2339: Property 'closeQuickAction' does not exist on type 'UpdatedInventoryPageComponent'.[0m [1m[35m[plugin angular-compiler][0m

    src/app/features/updated-inventory/updated-inventory-page/updated-inventory-page.component.html:217:23:
[37m      217 │               (click)="[32mcloseQuickAction[37m()"
          ╵                        [32m~~~~~~~~~~~~~~~~[0m

  Error occurs in the template of component UpdatedInventoryPageComponent.

    src/app/features/updated-inventory/updated-inventory-page/updated-inventory-page.component.ts:82:15:
[37m      82 │   templateUrl: [32m'./updated-inventory-page.component.html'[37m,
         ╵                [32m~~~~~~~~~~~~~~~~~~~~~~~~~~~~~~~~~~~~~~~~~[0m

[39m[22m
[1m[31m[31mX [41;31m[[41;97mERROR[41;31m][0m [1mTS2339: Property 'primaryAction' does not exist on type 'HomeKiosqueroPresenter'.[0m [1m[35m[plugin angular-compiler][0m

    src/app/features/home-kiosquero/home-kiosquero.page.html:122:27:
[37m      122 │             @if (presenter.[32mprimaryAction[37m(); as primaryAction) {
          ╵                            [32m~~~~~~~~~~~~~[0m

  Error occurs in the template of component HomeKiosqueroPage.

    src/app/features/home-kiosquero/home-kiosquero.page.ts:14:15:
[37m      14 │   templateUrl: [32m'./home-kiosquero.page.html'[37m,
         ╵                [32m~~~~~~~~~~~~~~~~~~~~~~~~~~~~[0m


[31mX [41;31m[[41;97mERROR[41;31m][0m [1mTS2339: Property 'primaryAction' does not exist on type 'HomeKiosqueroPresenter'.[0m [1m[35m[plugin angular-compiler][0m

    src/app/features/home-kiosquero/home-kiosquero.page.html:122:27:
[37m      122 │             @if (presenter.[32mprimaryAction[37m(); as primaryAction) {
          ╵                            [32m~~~~~~~~~~~~~[0m

  Error occurs in the template of component HomeKiosqueroPage.

    src/app/features/home-kiosquero/home-kiosquero.page.ts:14:15:
[37m      14 │   templateUrl: [32m'./home-kiosquero.page.html'[37m,
         ╵                [32m~~~~~~~~~~~~~~~~~~~~~~~~~~~~[0m


[31mX [41;31m[[41;97mERROR[41;31m][0m [1mTS2339: Property 'secondaryActions' does not exist on type 'HomeKiosqueroPresenter'.[0m [1m[35m[plugin angular-compiler][0m

    src/app/features/home-kiosquero/home-kiosquero.page.html:150:40:
[37m      150 │ ... @for (action of presenter.[32msecondaryActions[37m(); track action.id) {
          ╵                               [32m~~~~~~~~~~~~~~~~[0m

  Error occurs in the template of component HomeKiosqueroPage.

    src/app/features/home-kiosquero/home-kiosquero.page.ts:14:15:
[37m      14 │   templateUrl: [32m'./home-kiosquero.page.html'[37m,
         ╵                [32m~~~~~~~~~~~~~~~~~~~~~~~~~~~~[0m


[31mX [41;31m[[41;97mERROR[41;31m][0m [1mTS2339: Property 'featuredActions' does not exist on type 'HomeKiosqueroPresenter'.[0m [1m[35m[plugin angular-compiler][0m

    src/app/features/home-kiosquero/home-kiosquero.page.html:181:40:
[37m      181 │ ...  @for (action of presenter.[32mfeaturedActions[37m(); track action.id) {
          ╵                                [32m~~~~~~~~~~~~~~~[0m

  Error occurs in the template of component HomeKiosqueroPage.

    src/app/features/home-kiosquero/home-kiosquero.page.ts:14:15:
[37m      14 │   templateUrl: [32m'./home-kiosquero.page.html'[37m,
         ╵                [32m~~~~~~~~~~~~~~~~~~~~~~~~~~~~[0m

[39m[22m
[1m[31m[31mX [41;31m[[41;97mERROR[41;31m][0m [1mTS2322: Type 'Signal<({ id: "sugerencias"; titulo: string; descripcion: string; icono: string; ruta: string; color: "dorado"; } | { id: "recomendaciones-estacionales"; titulo: string; descripcion: string; icono: string; ruta: string; color: "menta"; })[]>' is not assignable to type 'Signal<AccionKiosquero[]>'.
  Type 'Signal<({ id: "sugerencias"; titulo: string; descripcion: string; icono: string; ruta: string; color: "dorado"; } | { id: "recomendaciones-estacionales"; titulo: string; descripcion: string; icono: string; ruta: string; color: "menta"; })[]>' is not assignable to type '() => AccionKiosquero[]'.
    Type '({ id: "sugerencias"; titulo: string; descripcion: string; icono: string; ruta: string; color: "dorado"; } | { id: "recomendaciones-estacionales"; titulo: string; descripcion: string; icono: string; ruta: string; color: "menta"; })[]' is not assignable to type 'AccionKiosquero[]'.
      Type '{ id: "sugerencias"; titulo: string; descripcion: string; icono: string; ruta: string; color: "dorado"; } | { id: "recomendaciones-estacionales"; titulo: string; descripcion: string; icono: string; ruta: string; color: "menta"; }' is not assignable to type 'AccionKiosquero'.
        Type '{ id: "recomendaciones-estacionales"; titulo: string; descripcion: string; icono: string; ruta: string; color: "menta"; }' is not assignable to type 'AccionKiosquero'.
          Types of property 'id' are incompatible.
            Type '"recomendaciones-estacionales"' is not assignable to type 'AccionKiosqueroId'.[0m [1m[35m[plugin angular-compiler][0m

    src/app/features/home-kiosquero/presenter/home-kiosquero.presenter.ts:657:11:
[37m      657 │   readonly [32mfeaturedActions[37m: Signal<AccionKiosquero[]> = computed(...
          ╵            [32m~~~~~~~~~~~~~~~[0m

[39m[22m
[1m[31m[31mX [41;31m[[41;97mERROR[41;31m][0m [1mTS2322: Type 'Signal<({ id: "sugerencias"; titulo: string; descripcion: string; icono: string; ruta: string; color: "dorado"; } | { id: "recomendaciones-estacionales"; titulo: string; descripcion: string; icono: string; ruta: string; color: "menta"; })[]>' is not assignable to type 'Signal<AccionKiosquero[]>'.
  Type 'Signal<({ id: "sugerencias"; titulo: string; descripcion: string; icono: string; ruta: string; color: "dorado"; } | { id: "recomendaciones-estacionales"; titulo: string; descripcion: string; icono: string; ruta: string; color: "menta"; })[]>' is not assignable to type '() => AccionKiosquero[]'.
    Type '({ id: "sugerencias"; titulo: string; descripcion: string; icono: string; ruta: string; color: "dorado"; } | { id: "recomendaciones-estacionales"; titulo: string; descripcion: string; icono: string; ruta: string; color: "menta"; })[]' is not assignable to type 'AccionKiosquero[]'.
      Type '{ id: "sugerencias"; titulo: string; descripcion: string; icono: string; ruta: string; color: "dorado"; } | { id: "recomendaciones-estacionales"; titulo: string; descripcion: string; icono: string; ruta: string; color: "menta"; }' is not assignable to type 'AccionKiosquero'.
        Type '{ id: "recomendaciones-estacionales"; titulo: string; descripcion: string; icono: string; ruta: string; color: "menta"; }' is not assignable to type 'AccionKiosquero'.
          Types of property 'id' are incompatible.
            Type '"recomendaciones-estacionales"' is not assignable to type 'AccionKiosqueroId'.[0m [1m[35m[plugin angular-compiler][0m

    src/app/features/home-kiosquero/presenter/home-kiosquero.presenter.ts:657:11:
[37m      657 │   readonly [32mfeaturedActions[37m: Signal<AccionKiosquero[]> = computed(...
          ╵            [32m~~~~~~~~~~~~~~~[0m

[39m[22m
[1m[31m[31mX [41;31m[[41;97mERROR[41;31m][0m [1mTS2322: Type 'Signal<({ id: "sugerencias"; titulo: string; descripcion: string; icono: string; ruta: string; color: "dorado"; } | { id: "recomendaciones-estacionales"; titulo: string; descripcion: string; icono: string; ruta: string; color: "menta"; })[]>' is not assignable to type 'Signal<AccionKiosquero[]>'.
  Type 'Signal<({ id: "sugerencias"; titulo: string; descripcion: string; icono: string; ruta: string; color: "dorado"; } | { id: "recomendaciones-estacionales"; titulo: string; descripcion: string; icono: string; ruta: string; color: "menta"; })[]>' is not assignable to type '() => AccionKiosquero[]'.
    Type '({ id: "sugerencias"; titulo: string; descripcion: string; icono: string; ruta: string; color: "dorado"; } | { id: "recomendaciones-estacionales"; titulo: string; descripcion: string; icono: string; ruta: string; color: "menta"; })[]' is not assignable to type 'AccionKiosquero[]'.
      Type '{ id: "sugerencias"; titulo: string; descripcion: string; icono: string; ruta: string; color: "dorado"; } | { id: "recomendaciones-estacionales"; titulo: string; descripcion: string; icono: string; ruta: string; color: "menta"; }' is not assignable to type 'AccionKiosquero'.
        Type '{ id: "recomendaciones-estacionales"; titulo: string; descripcion: string; icono: string; ruta: string; color: "menta"; }' is not assignable to type 'AccionKiosquero'.
          Types of property 'id' are incompatible.
            Type '"recomendaciones-estacionales"' is not assignable to type 'AccionKiosqueroId'.[0m [1m[35m[plugin angular-compiler][0m

    src/app/features/home-kiosquero/presenter/home-kiosquero.presenter.ts:657:11:
[37m      657 │   readonly [32mfeaturedActions[37m: Signal<AccionKiosquero[]> = computed(...
          ╵            [32m~~~~~~~~~~~~~~~[0m

[39m[22m
[1m[31m[31mX [41;31m[[41;97mERROR[41;31m][0m [1mTS2304: Cannot find name 'T'.[0m [1m[35m[plugin angular-compiler][0m

    src/app/features/home-kiosquero/presenter/home-kiosquero.presenter.ts:439:18:
[37m      439 │     const groups: [32mT[37m<ProductGroup | null> = [
          ╵                   [32m^[0m


[31mX [41;31m[[41;97mERROR[41;31m][0m [1mTS7006: Parameter 'group' implicitly has an 'any' type.[0m [1m[35m[plugin angular-compiler][0m

    src/app/features/home-kiosquero/presenter/home-kiosquero.presenter.ts:462:26:
[37m      462 │     return groups.filter(([32mgroup[37m): group is ProductGroup => group ...
          ╵                           [32m~~~~~[0m

[39m[22m
